,region,date,year,month,popn,obs
1,Alice Springs,31/1/2017,2017,1,39616,24
2,Barkly,31/1/2017,2017,1,6114,68
3,Bowen Basin - North,31/1/2017,2017,1,34303,5
4,Cairns_Region,31/1/2017,2017,1,160339,72
5,Charters Towers - Ayr - Ingham,31/1/2017,2017,1,42628,38
6,Daly - Tiwi - West Arnhem,31/1/2017,2017,1,17945,4
7,Darwin_Region,31/1/2017,2017,1,87677,103
8,East Arnhem,31/1/2017,2017,1,14516,17
9,East Pilbara,31/1/2017,2017,1,25894,0
10,Far North,31/1/2017,2017,1,33560,133
11,Innisfail - Cassowary Coast,31/1/2017,2017,1,35652,10
12,Katherine,31/1/2017,2017,1,20825,65
13,Kimberley,31/1/2017,2017,1,36661,0
14,Litchfield,31/1/2017,2017,1,24668,2
15,Mackay,31/1/2017,2017,1,117557,10
16,Outback - North,31/1/2017,2017,1,30820,64
17,Palmerston,31/1/2017,2017,1,36800,15
18,Port Douglas - Daintree,31/1/2017,2017,1,12129,7
19,Tablelands (East) - Kuranda,31/1/2017,2017,1,41661,28
20,Townsville,31/1/2017,2017,1,192601,55
21,West Pilbara,31/1/2017,2017,1,34522,3
22,Whitsunday,31/1/2017,2017,1,22285,1
23,Alice Springs,28/2/2017,2017,2,39616,33
24,Barkly,28/2/2017,2017,2,6114,59
25,Bowen Basin - North,28/2/2017,2017,2,34303,2
26,Cairns_Region,28/2/2017,2017,2,160339,54
27,Charters Towers - Ayr - Ingham,28/2/2017,2017,2,42628,19
28,Daly - Tiwi - West Arnhem,28/2/2017,2017,2,17945,8
29,Darwin_Region,28/2/2017,2017,2,87677,108
30,East Arnhem,28/2/2017,2017,2,14516,14
31,East Pilbara,28/2/2017,2017,2,25894,0
32,Far North,28/2/2017,2017,2,33560,113
33,Innisfail - Cassowary Coast,28/2/2017,2017,2,35652,4
34,Katherine,28/2/2017,2017,2,20825,67
35,Kimberley,28/2/2017,2017,2,36661,0
36,Litchfield,28/2/2017,2017,2,24668,2
37,Mackay,28/2/2017,2017,2,117557,11
38,Outback - North,28/2/2017,2017,2,30820,59
39,Palmerston,28/2/2017,2017,2,36800,19
40,Port Douglas - Daintree,28/2/2017,2017,2,12129,6
41,Tablelands (East) - Kuranda,28/2/2017,2017,2,41661,20
42,Townsville,28/2/2017,2017,2,192601,46
43,West Pilbara,28/2/2017,2017,2,34522,2
44,Whitsunday,28/2/2017,2017,2,22285,1
45,Alice Springs,31/3/2017,2017,3,39616,31
46,Barkly,31/3/2017,2017,3,6114,45
47,Bowen Basin - North,31/3/2017,2017,3,34303,2
48,Cairns_Region,31/3/2017,2017,3,160339,59
49,Charters Towers - Ayr - Ingham,31/3/2017,2017,3,42628,32
50,Daly - Tiwi - West Arnhem,31/3/2017,2017,3,17945,8
51,Darwin_Region,31/3/2017,2017,3,87677,85
52,East Arnhem,31/3/2017,2017,3,14516,17
53,East Pilbara,31/3/2017,2017,3,25894,1
54,Far North,31/3/2017,2017,3,33560,138
55,Innisfail - Cassowary Coast,31/3/2017,2017,3,35652,10
56,Katherine,31/3/2017,2017,3,20825,76
57,Kimberley,31/3/2017,2017,3,36661,2
58,Litchfield,31/3/2017,2017,3,24668,5
59,Mackay,31/3/2017,2017,3,117557,9
60,Outback - North,31/3/2017,2017,3,30820,63
61,Palmerston,31/3/2017,2017,3,36800,28
62,Port Douglas - Daintree,31/3/2017,2017,3,12129,8
63,Tablelands (East) - Kuranda,31/3/2017,2017,3,41661,18
64,Townsville,31/3/2017,2017,3,192601,44
65,West Pilbara,31/3/2017,2017,3,34522,0
66,Whitsunday,31/3/2017,2017,3,22285,2
67,Alice Springs,30/4/2017,2017,4,39616,20
68,Barkly,30/4/2017,2017,4,6114,52
69,Bowen Basin - North,30/4/2017,2017,4,34303,5
70,Cairns_Region,30/4/2017,2017,4,160339,44
71,Charters Towers - Ayr - Ingham,30/4/2017,2017,4,42628,14
72,Daly - Tiwi - West Arnhem,30/4/2017,2017,4,17945,7
73,Darwin_Region,30/4/2017,2017,4,87677,90
74,East Arnhem,30/4/2017,2017,4,14516,15
75,East Pilbara,30/4/2017,2017,4,25894,0
76,Far North,30/4/2017,2017,4,33560,92
77,Innisfail - Cassowary Coast,30/4/2017,2017,4,35652,5
78,Katherine,30/4/2017,2017,4,20825,64
79,Kimberley,30/4/2017,2017,4,36661,0
80,Litchfield,30/4/2017,2017,4,24668,3
81,Mackay,30/4/2017,2017,4,117557,8
82,Outback - North,30/4/2017,2017,4,30820,32
83,Palmerston,30/4/2017,2017,4,36800,17
84,Port Douglas - Daintree,30/4/2017,2017,4,12129,7
85,Tablelands (East) - Kuranda,30/4/2017,2017,4,41661,25
86,Townsville,30/4/2017,2017,4,192601,39
87,West Pilbara,30/4/2017,2017,4,34522,0
88,Whitsunday,30/4/2017,2017,4,22285,7
89,Alice Springs,31/5/2017,2017,5,39616,29
90,Barkly,31/5/2017,2017,5,6114,62
91,Bowen Basin - North,31/5/2017,2017,5,34303,5
92,Cairns_Region,31/5/2017,2017,5,160339,43
93,Charters Towers - Ayr - Ingham,31/5/2017,2017,5,42628,24
94,Daly - Tiwi - West Arnhem,31/5/2017,2017,5,17945,4
95,Darwin_Region,31/5/2017,2017,5,87677,87
96,East Arnhem,31/5/2017,2017,5,14516,12
97,East Pilbara,31/5/2017,2017,5,25894,1
98,Far North,31/5/2017,2017,5,33560,82
99,Innisfail - Cassowary Coast,31/5/2017,2017,5,35652,3
100,Katherine,31/5/2017,2017,5,20825,57
101,Kimberley,31/5/2017,2017,5,36661,0
102,Litchfield,31/5/2017,2017,5,24668,0
103,Mackay,31/5/2017,2017,5,117557,13
104,Outback - North,31/5/2017,2017,5,30820,37
105,Palmerston,31/5/2017,2017,5,36800,20
106,Port Douglas - Daintree,31/5/2017,2017,5,12129,8
107,Tablelands (East) - Kuranda,31/5/2017,2017,5,41661,15
108,Townsville,31/5/2017,2017,5,192601,37
109,West Pilbara,31/5/2017,2017,5,34522,3
110,Whitsunday,31/5/2017,2017,5,22285,1
111,Alice Springs,30/6/2017,2017,6,39616,15
112,Barkly,30/6/2017,2017,6,6114,49
113,Bowen Basin - North,30/6/2017,2017,6,34303,2
114,Cairns_Region,30/6/2017,2017,6,160339,37
115,Charters Towers - Ayr - Ingham,30/6/2017,2017,6,42628,11
116,Daly - Tiwi - West Arnhem,30/6/2017,2017,6,17945,1
117,Darwin_Region,30/6/2017,2017,6,87677,99
118,East Arnhem,30/6/2017,2017,6,14516,10
119,East Pilbara,30/6/2017,2017,6,25894,0
120,Far North,30/6/2017,2017,6,33560,67
121,Innisfail - Cassowary Coast,30/6/2017,2017,6,35652,5
122,Katherine,30/6/2017,2017,6,20825,49
123,Kimberley,30/6/2017,2017,6,36661,0
124,Litchfield,30/6/2017,2017,6,24668,0
125,Mackay,30/6/2017,2017,6,117557,10
126,Outback - North,30/6/2017,2017,6,30820,27
127,Palmerston,30/6/2017,2017,6,36800,19
128,Port Douglas - Daintree,30/6/2017,2017,6,12129,1
129,Tablelands (East) - Kuranda,30/6/2017,2017,6,41661,11
130,Townsville,30/6/2017,2017,6,192601,22
131,West Pilbara,30/6/2017,2017,6,34522,3
132,Whitsunday,30/6/2017,2017,6,22285,3
133,Alice Springs,31/7/2017,2017,7,39616,14
134,Barkly,31/7/2017,2017,7,6114,39
135,Bowen Basin - North,31/7/2017,2017,7,34303,2
136,Cairns_Region,31/7/2017,2017,7,160339,44
137,Charters Towers - Ayr - Ingham,31/7/2017,2017,7,42628,14
138,Daly - Tiwi - West Arnhem,31/7/2017,2017,7,17945,1
139,Darwin_Region,31/7/2017,2017,7,87677,73
140,East Arnhem,31/7/2017,2017,7,14516,7
141,East Pilbara,31/7/2017,2017,7,25894,0
142,Far North,31/7/2017,2017,7,33560,66
143,Innisfail - Cassowary Coast,31/7/2017,2017,7,35652,5
144,Katherine,31/7/2017,2017,7,20825,55
145,Kimberley,31/7/2017,2017,7,36661,1
146,Litchfield,31/7/2017,2017,7,24668,1
147,Mackay,31/7/2017,2017,7,117557,11
148,Outback - North,31/7/2017,2017,7,30820,45
149,Palmerston,31/7/2017,2017,7,36800,12
150,Port Douglas - Daintree,31/7/2017,2017,7,12129,2
151,Tablelands (East) - Kuranda,31/7/2017,2017,7,41661,10
152,Townsville,31/7/2017,2017,7,192601,32
153,West Pilbara,31/7/2017,2017,7,34522,1
154,Whitsunday,31/7/2017,2017,7,22285,2
155,Alice Springs,31/8/2017,2017,8,39616,11
156,Barkly,31/8/2017,2017,8,6114,32
157,Bowen Basin - North,31/8/2017,2017,8,34303,3
158,Cairns_Region,31/8/2017,2017,8,160339,51
159,Charters Towers - Ayr - Ingham,31/8/2017,2017,8,42628,23
160,Daly - Tiwi - West Arnhem,31/8/2017,2017,8,17945,2
161,Darwin_Region,31/8/2017,2017,8,87677,76
162,East Arnhem,31/8/2017,2017,8,14516,16
163,East Pilbara,31/8/2017,2017,8,25894,0
164,Far North,31/8/2017,2017,8,33560,53
165,Innisfail - Cassowary Coast,31/8/2017,2017,8,35652,10
166,Katherine,31/8/2017,2017,8,20825,74
167,Kimberley,31/8/2017,2017,8,36661,4
168,Litchfield,31/8/2017,2017,8,24668,2
169,Mackay,31/8/2017,2017,8,117557,8
170,Outback - North,31/8/2017,2017,8,30820,38
171,Palmerston,31/8/2017,2017,8,36800,8
172,Port Douglas - Daintree,31/8/2017,2017,8,12129,1
173,Tablelands (East) - Kuranda,31/8/2017,2017,8,41661,13
174,Townsville,31/8/2017,2017,8,192601,26
175,West Pilbara,31/8/2017,2017,8,34522,0
176,Whitsunday,31/8/2017,2017,8,22285,2
177,Alice Springs,30/9/2017,2017,9,39616,51
178,Barkly,30/9/2017,2017,9,6114,43
179,Bowen Basin - North,30/9/2017,2017,9,34303,0
180,Cairns_Region,30/9/2017,2017,9,160339,38
181,Charters Towers - Ayr - Ingham,30/9/2017,2017,9,42628,19
182,Daly - Tiwi - West Arnhem,30/9/2017,2017,9,17945,1
183,Darwin_Region,30/9/2017,2017,9,87677,55
184,East Arnhem,30/9/2017,2017,9,14516,12
185,East Pilbara,30/9/2017,2017,9,25894,1
186,Far North,30/9/2017,2017,9,33560,59
187,Innisfail - Cassowary Coast,30/9/2017,2017,9,35652,4
188,Katherine,30/9/2017,2017,9,20825,53
189,Kimberley,30/9/2017,2017,9,36661,1
190,Litchfield,30/9/2017,2017,9,24668,3
191,Mackay,30/9/2017,2017,9,117557,9
192,Outback - North,30/9/2017,2017,9,30820,24
193,Palmerston,30/9/2017,2017,9,36800,15
194,Port Douglas - Daintree,30/9/2017,2017,9,12129,8
195,Tablelands (East) - Kuranda,30/9/2017,2017,9,41661,5
196,Townsville,30/9/2017,2017,9,192601,41
197,West Pilbara,30/9/2017,2017,9,34522,1
198,Whitsunday,30/9/2017,2017,9,22285,1
199,Alice Springs,31/10/2017,2017,10,39616,84
200,Barkly,31/10/2017,2017,10,6114,38
201,Bowen Basin - North,31/10/2017,2017,10,34303,0
202,Cairns_Region,31/10/2017,2017,10,160339,35
203,Charters Towers - Ayr - Ingham,31/10/2017,2017,10,42628,15
204,Daly - Tiwi - West Arnhem,31/10/2017,2017,10,17945,4
205,Darwin_Region,31/10/2017,2017,10,87677,85
206,East Arnhem,31/10/2017,2017,10,14516,14
207,East Pilbara,31/10/2017,2017,10,25894,0
208,Far North,31/10/2017,2017,10,33560,85
209,Innisfail - Cassowary Coast,31/10/2017,2017,10,35652,7
210,Katherine,31/10/2017,2017,10,20825,53
211,Kimberley,31/10/2017,2017,10,36661,0
212,Litchfield,31/10/2017,2017,10,24668,0
213,Mackay,31/10/2017,2017,10,117557,3
214,Outback - North,31/10/2017,2017,10,30820,37
215,Palmerston,31/10/2017,2017,10,36800,12
216,Port Douglas - Daintree,31/10/2017,2017,10,12129,5
217,Tablelands (East) - Kuranda,31/10/2017,2017,10,41661,7
218,Townsville,31/10/2017,2017,10,192601,25
219,West Pilbara,31/10/2017,2017,10,34522,1
220,Whitsunday,31/10/2017,2017,10,22285,0
221,Alice Springs,30/11/2017,2017,11,39616,16
222,Barkly,30/11/2017,2017,11,6114,30
223,Bowen Basin - North,30/11/2017,2017,11,34303,0
224,Cairns_Region,30/11/2017,2017,11,160339,40
225,Charters Towers - Ayr - Ingham,30/11/2017,2017,11,42628,16
226,Daly - Tiwi - West Arnhem,30/11/2017,2017,11,17945,2
227,Darwin_Region,30/11/2017,2017,11,87677,76
228,East Arnhem,30/11/2017,2017,11,14516,14
229,East Pilbara,30/11/2017,2017,11,25894,1
230,Far North,30/11/2017,2017,11,33560,82
231,Innisfail - Cassowary Coast,30/11/2017,2017,11,35652,9
232,Katherine,30/11/2017,2017,11,20825,37
233,Kimberley,30/11/2017,2017,11,36661,0
234,Litchfield,30/11/2017,2017,11,24668,0
235,Mackay,30/11/2017,2017,11,117557,4
236,Outback - North,30/11/2017,2017,11,30820,36
237,Palmerston,30/11/2017,2017,11,36800,10
238,Port Douglas - Daintree,30/11/2017,2017,11,12129,3
239,Tablelands (East) - Kuranda,30/11/2017,2017,11,41661,11
240,Townsville,30/11/2017,2017,11,192601,32
241,West Pilbara,30/11/2017,2017,11,34522,1
242,Whitsunday,30/11/2017,2017,11,22285,0
243,Alice Springs,31/12/2017,2017,12,39616,17
244,Barkly,31/12/2017,2017,12,6114,39
245,Bowen Basin - North,31/12/2017,2017,12,34303,4
246,Cairns_Region,31/12/2017,2017,12,160339,36
247,Charters Towers - Ayr - Ingham,31/12/2017,2017,12,42628,20
248,Daly - Tiwi - West Arnhem,31/12/2017,2017,12,17945,3
249,Darwin_Region,31/12/2017,2017,12,87677,81
250,East Arnhem,31/12/2017,2017,12,14516,11
251,East Pilbara,31/12/2017,2017,12,25894,0
252,Far North,31/12/2017,2017,12,33560,60
253,Innisfail - Cassowary Coast,31/12/2017,2017,12,35652,16
254,Katherine,31/12/2017,2017,12,20825,45
255,Kimberley,31/12/2017,2017,12,36661,0
256,Litchfield,31/12/2017,2017,12,24668,0
257,Mackay,31/12/2017,2017,12,117557,5
258,Outback - North,31/12/2017,2017,12,30820,37
259,Palmerston,31/12/2017,2017,12,36800,10
260,Port Douglas - Daintree,31/12/2017,2017,12,12129,0
261,Tablelands (East) - Kuranda,31/12/2017,2017,12,41661,14
262,Townsville,31/12/2017,2017,12,192601,31
263,West Pilbara,31/12/2017,2017,12,34522,1
264,Whitsunday,31/12/2017,2017,12,22285,4
265,Alice Springs,31/1/2018,2018,1,39869,21
266,Barkly,31/1/2018,2018,1,6064,49
267,Bowen Basin - North,31/1/2018,2018,1,34541,3
268,Cairns_Region,31/1/2018,2018,1,162266,56
269,Charters Towers - Ayr - Ingham,31/1/2018,2018,1,42336,27
270,Daly - Tiwi - West Arnhem,31/1/2018,2018,1,17918,3
271,Darwin_Region,31/1/2018,2018,1,87284,105
272,East Arnhem,31/1/2018,2018,1,14501,20
273,East Pilbara,31/1/2018,2018,1,25988,1
274,Far North,31/1/2018,2018,1,33455,109
275,Innisfail - Cassowary Coast,31/1/2018,2018,1,35784,4
276,Katherine,31/1/2018,2018,1,20937,76
277,Kimberley,31/1/2018,2018,1,37094,0
278,Litchfield,31/1/2018,2018,1,24136,1
279,Mackay,31/1/2018,2018,1,118436,12
280,Outback - North,31/1/2018,2018,1,30784,53
281,Palmerston,31/1/2018,2018,1,37654,8
282,Port Douglas - Daintree,31/1/2018,2018,1,12131,3
283,Tablelands (East) - Kuranda,31/1/2018,2018,1,42222,20
284,Townsville,31/1/2018,2018,1,193295,53
285,West Pilbara,31/1/2018,2018,1,33699,0
286,Whitsunday,31/1/2018,2018,1,22678,0
287,Alice Springs,28/2/2018,2018,2,39869,20
288,Barkly,28/2/2018,2018,2,6064,61
289,Bowen Basin - North,28/2/2018,2018,2,34541,4
290,Cairns_Region,28/2/2018,2018,2,162266,42
291,Charters Towers - Ayr - Ingham,28/2/2018,2018,2,42336,19
292,Daly - Tiwi - West Arnhem,28/2/2018,2018,2,17918,4
293,Darwin_Region,28/2/2018,2018,2,87284,100
294,East Arnhem,28/2/2018,2018,2,14501,15
295,East Pilbara,28/2/2018,2018,2,25988,0
296,Far North,28/2/2018,2018,2,33455,93
297,Innisfail - Cassowary Coast,28/2/2018,2018,2,35784,8
298,Katherine,28/2/2018,2018,2,20937,66
299,Kimberley,28/2/2018,2018,2,37094,0
300,Litchfield,28/2/2018,2018,2,24136,0
301,Mackay,28/2/2018,2018,2,118436,11
302,Outback - North,28/2/2018,2018,2,30784,43
303,Palmerston,28/2/2018,2018,2,37654,7
304,Port Douglas - Daintree,28/2/2018,2018,2,12131,4
305,Tablelands (East) - Kuranda,28/2/2018,2018,2,42222,11
306,Townsville,28/2/2018,2018,2,193295,47
307,West Pilbara,28/2/2018,2018,2,33699,0
308,Whitsunday,28/2/2018,2018,2,22678,5
309,Alice Springs,31/3/2018,2018,3,39869,18
310,Barkly,31/3/2018,2018,3,6064,39
311,Bowen Basin - North,31/3/2018,2018,3,34541,0
312,Cairns_Region,31/3/2018,2018,3,162266,55
313,Charters Towers - Ayr - Ingham,31/3/2018,2018,3,42336,32
314,Daly - Tiwi - West Arnhem,31/3/2018,2018,3,17918,2
315,Darwin_Region,31/3/2018,2018,3,87284,118
316,East Arnhem,31/3/2018,2018,3,14501,17
317,East Pilbara,31/3/2018,2018,3,25988,0
318,Far North,31/3/2018,2018,3,33455,91
319,Innisfail - Cassowary Coast,31/3/2018,2018,3,35784,9
320,Katherine,31/3/2018,2018,3,20937,55
321,Kimberley,31/3/2018,2018,3,37094,1
322,Litchfield,31/3/2018,2018,3,24136,2
323,Mackay,31/3/2018,2018,3,118436,5
324,Outback - North,31/3/2018,2018,3,30784,44
325,Palmerston,31/3/2018,2018,3,37654,10
326,Port Douglas - Daintree,31/3/2018,2018,3,12131,7
327,Tablelands (East) - Kuranda,31/3/2018,2018,3,42222,17
328,Townsville,31/3/2018,2018,3,193295,54
329,West Pilbara,31/3/2018,2018,3,33699,0
330,Whitsunday,31/3/2018,2018,3,22678,0
331,Alice Springs,30/4/2018,2018,4,39869,19
332,Barkly,30/4/2018,2018,4,6064,41
333,Bowen Basin - North,30/4/2018,2018,4,34541,4
334,Cairns_Region,30/4/2018,2018,4,162266,46
335,Charters Towers - Ayr - Ingham,30/4/2018,2018,4,42336,19
336,Daly - Tiwi - West Arnhem,30/4/2018,2018,4,17918,2
337,Darwin_Region,30/4/2018,2018,4,87284,73
338,East Arnhem,30/4/2018,2018,4,14501,9
339,East Pilbara,30/4/2018,2018,4,25988,1
340,Far North,30/4/2018,2018,4,33455,86
341,Innisfail - Cassowary Coast,30/4/2018,2018,4,35784,7
342,Katherine,30/4/2018,2018,4,20937,36
343,Kimberley,30/4/2018,2018,4,37094,3
344,Litchfield,30/4/2018,2018,4,24136,0
345,Mackay,30/4/2018,2018,4,118436,8
346,Outback - North,30/4/2018,2018,4,30784,46
347,Palmerston,30/4/2018,2018,4,37654,15
348,Port Douglas - Daintree,30/4/2018,2018,4,12131,1
349,Tablelands (East) - Kuranda,30/4/2018,2018,4,42222,16
350,Townsville,30/4/2018,2018,4,193295,59
351,West Pilbara,30/4/2018,2018,4,33699,0
352,Whitsunday,30/4/2018,2018,4,22678,3
353,Alice Springs,31/5/2018,2018,5,39869,23
354,Barkly,31/5/2018,2018,5,6064,46
355,Bowen Basin - North,31/5/2018,2018,5,34541,4
356,Cairns_Region,31/5/2018,2018,5,162266,47
357,Charters Towers - Ayr - Ingham,31/5/2018,2018,5,42336,19
358,Daly - Tiwi - West Arnhem,31/5/2018,2018,5,17918,0
359,Darwin_Region,31/5/2018,2018,5,87284,71
360,East Arnhem,31/5/2018,2018,5,14501,19
361,East Pilbara,31/5/2018,2018,5,25988,0
362,Far North,31/5/2018,2018,5,33455,86
363,Innisfail - Cassowary Coast,31/5/2018,2018,5,35784,4
364,Katherine,31/5/2018,2018,5,20937,48
365,Kimberley,31/5/2018,2018,5,37094,2
366,Litchfield,31/5/2018,2018,5,24136,0
367,Mackay,31/5/2018,2018,5,118436,9
368,Outback - North,31/5/2018,2018,5,30784,25
369,Palmerston,31/5/2018,2018,5,37654,10
370,Port Douglas - Daintree,31/5/2018,2018,5,12131,1
371,Tablelands (East) - Kuranda,31/5/2018,2018,5,42222,14
372,Townsville,31/5/2018,2018,5,193295,48
373,West Pilbara,31/5/2018,2018,5,33699,0
374,Whitsunday,31/5/2018,2018,5,22678,4
375,Alice Springs,30/6/2018,2018,6,39869,11
376,Barkly,30/6/2018,2018,6,6064,34
377,Bowen Basin - North,30/6/2018,2018,6,34541,5
378,Cairns_Region,30/6/2018,2018,6,162266,31
379,Charters Towers - Ayr - Ingham,30/6/2018,2018,6,42336,6
380,Daly - Tiwi - West Arnhem,30/6/2018,2018,6,17918,2
381,Darwin_Region,30/6/2018,2018,6,87284,78
382,East Arnhem,30/6/2018,2018,6,14501,14
383,East Pilbara,30/6/2018,2018,6,25988,0
384,Far North,30/6/2018,2018,6,33455,45
385,Innisfail - Cassowary Coast,30/6/2018,2018,6,35784,5
386,Katherine,30/6/2018,2018,6,20937,37
387,Kimberley,30/6/2018,2018,6,37094,0
388,Litchfield,30/6/2018,2018,6,24136,0
389,Mackay,30/6/2018,2018,6,118436,12
390,Outback - North,30/6/2018,2018,6,30784,26
391,Palmerston,30/6/2018,2018,6,37654,6
392,Port Douglas - Daintree,30/6/2018,2018,6,12131,0
393,Tablelands (East) - Kuranda,30/6/2018,2018,6,42222,8
394,Townsville,30/6/2018,2018,6,193295,26
395,West Pilbara,30/6/2018,2018,6,33699,0
396,Whitsunday,30/6/2018,2018,6,22678,5
397,Alice Springs,31/7/2018,2018,7,39869,14
398,Barkly,31/7/2018,2018,7,6064,18
399,Bowen Basin - North,31/7/2018,2018,7,34541,3
400,Cairns_Region,31/7/2018,2018,7,162266,34
401,Charters Towers - Ayr - Ingham,31/7/2018,2018,7,42336,16
402,Daly - Tiwi - West Arnhem,31/7/2018,2018,7,17918,2
403,Darwin_Region,31/7/2018,2018,7,87284,67
404,East Arnhem,31/7/2018,2018,7,14501,11
405,East Pilbara,31/7/2018,2018,7,25988,NA
406,Far North,31/7/2018,2018,7,33455,50
407,Innisfail - Cassowary Coast,31/7/2018,2018,7,35784,4
408,Katherine,31/7/2018,2018,7,20937,37
409,Kimberley,31/7/2018,2018,7,37094,0
410,Litchfield,31/7/2018,2018,7,24136,0
411,Mackay,31/7/2018,2018,7,118436,6
412,Outback - North,31/7/2018,2018,7,30784,29
413,Palmerston,31/7/2018,2018,7,37654,9
414,Port Douglas - Daintree,31/7/2018,2018,7,12131,6
415,Tablelands (East) - Kuranda,31/7/2018,2018,7,42222,13
416,Townsville,31/7/2018,2018,7,193295,29
417,West Pilbara,31/7/2018,2018,7,33699,0
418,Whitsunday,31/7/2018,2018,7,22678,0
419,Alice Springs,31/8/2018,2018,8,39869,12
420,Barkly,31/8/2018,2018,8,6064,32
421,Bowen Basin - North,31/8/2018,2018,8,34541,0
422,Cairns_Region,31/8/2018,2018,8,162266,28
423,Charters Towers - Ayr - Ingham,31/8/2018,2018,8,42336,15
424,Daly - Tiwi - West Arnhem,31/8/2018,2018,8,17918,3
425,Darwin_Region,31/8/2018,2018,8,87284,52
426,East Arnhem,31/8/2018,2018,8,14501,10
427,East Pilbara,31/8/2018,2018,8,25988,0
428,Far North,31/8/2018,2018,8,33455,52
429,Innisfail - Cassowary Coast,31/8/2018,2018,8,35784,8
430,Katherine,31/8/2018,2018,8,20937,35
431,Kimberley,31/8/2018,2018,8,37094,0
432,Litchfield,31/8/2018,2018,8,24136,1
433,Mackay,31/8/2018,2018,8,118436,9
434,Outback - North,31/8/2018,2018,8,30784,28
435,Palmerston,31/8/2018,2018,8,37654,10
436,Port Douglas - Daintree,31/8/2018,2018,8,12131,6
437,Tablelands (East) - Kuranda,31/8/2018,2018,8,42222,10
438,Townsville,31/8/2018,2018,8,193295,26
439,West Pilbara,31/8/2018,2018,8,33699,0
440,Whitsunday,31/8/2018,2018,8,22678,0
441,Alice Springs,30/9/2018,2018,9,39869,13
442,Barkly,30/9/2018,2018,9,6064,25
443,Bowen Basin - North,30/9/2018,2018,9,34541,3
444,Cairns_Region,30/9/2018,2018,9,162266,39
445,Charters Towers - Ayr - Ingham,30/9/2018,2018,9,42336,17
446,Daly - Tiwi - West Arnhem,30/9/2018,2018,9,17918,1
447,Darwin_Region,30/9/2018,2018,9,87284,54
448,East Arnhem,30/9/2018,2018,9,14501,14
449,East Pilbara,30/9/2018,2018,9,25988,0
450,Far North,30/9/2018,2018,9,33455,35
451,Innisfail - Cassowary Coast,30/9/2018,2018,9,35784,7
452,Katherine,30/9/2018,2018,9,20937,42
453,Kimberley,30/9/2018,2018,9,37094,0
454,Litchfield,30/9/2018,2018,9,24136,0
455,Mackay,30/9/2018,2018,9,118436,7
456,Outback - North,30/9/2018,2018,9,30784,30
457,Palmerston,30/9/2018,2018,9,37654,15
458,Port Douglas - Daintree,30/9/2018,2018,9,12131,2
459,Tablelands (East) - Kuranda,30/9/2018,2018,9,42222,3
460,Townsville,30/9/2018,2018,9,193295,28
461,West Pilbara,30/9/2018,2018,9,33699,0
462,Whitsunday,30/9/2018,2018,9,22678,3
463,Alice Springs,31/10/2018,2018,10,39869,8
464,Barkly,31/10/2018,2018,10,6064,42
465,Bowen Basin - North,31/10/2018,2018,10,34541,1
466,Cairns_Region,31/10/2018,2018,10,162266,47
467,Charters Towers - Ayr - Ingham,31/10/2018,2018,10,42336,19
468,Daly - Tiwi - West Arnhem,31/10/2018,2018,10,17918,0
469,Darwin_Region,31/10/2018,2018,10,87284,81
470,East Arnhem,31/10/2018,2018,10,14501,11
471,East Pilbara,31/10/2018,2018,10,25988,0
472,Far North,31/10/2018,2018,10,33455,61
473,Innisfail - Cassowary Coast,31/10/2018,2018,10,35784,11
474,Katherine,31/10/2018,2018,10,20937,44
475,Kimberley,31/10/2018,2018,10,37094,0
476,Litchfield,31/10/2018,2018,10,24136,1
477,Mackay,31/10/2018,2018,10,118436,9
478,Outback - North,31/10/2018,2018,10,30784,39
479,Palmerston,31/10/2018,2018,10,37654,21
480,Port Douglas - Daintree,31/10/2018,2018,10,12131,4
481,Tablelands (East) - Kuranda,31/10/2018,2018,10,42222,12
482,Townsville,31/10/2018,2018,10,193295,29
483,West Pilbara,31/10/2018,2018,10,33699,0
484,Whitsunday,31/10/2018,2018,10,22678,1
485,Alice Springs,30/11/2018,2018,11,39869,17
486,Barkly,30/11/2018,2018,11,6064,42
487,Bowen Basin - North,30/11/2018,2018,11,34541,5
488,Cairns_Region,30/11/2018,2018,11,162266,44
489,Charters Towers - Ayr - Ingham,30/11/2018,2018,11,42336,16
490,Daly - Tiwi - West Arnhem,30/11/2018,2018,11,17918,0
491,Darwin_Region,30/11/2018,2018,11,87284,85
492,East Arnhem,30/11/2018,2018,11,14501,12
493,East Pilbara,30/11/2018,2018,11,25988,0
494,Far North,30/11/2018,2018,11,33455,72
495,Innisfail - Cassowary Coast,30/11/2018,2018,11,35784,8
496,Katherine,30/11/2018,2018,11,20937,48
497,Kimberley,30/11/2018,2018,11,37094,1
498,Litchfield,30/11/2018,2018,11,24136,0
499,Mackay,30/11/2018,2018,11,118436,10
500,Outback - North,30/11/2018,2018,11,30784,26
501,Palmerston,30/11/2018,2018,11,37654,16
502,Port Douglas - Daintree,30/11/2018,2018,11,12131,1
503,Tablelands (East) - Kuranda,30/11/2018,2018,11,42222,9
504,Townsville,30/11/2018,2018,11,193295,28
505,West Pilbara,30/11/2018,2018,11,33699,1
506,Whitsunday,30/11/2018,2018,11,22678,2
507,Alice Springs,31/12/2018,2018,12,39869,13
508,Barkly,31/12/2018,2018,12,6064,20
509,Bowen Basin - North,31/12/2018,2018,12,34541,0
510,Cairns_Region,31/12/2018,2018,12,162266,38
511,Charters Towers - Ayr - Ingham,31/12/2018,2018,12,42336,19
512,Daly - Tiwi - West Arnhem,31/12/2018,2018,12,17918,1
513,Darwin_Region,31/12/2018,2018,12,87284,91
514,East Arnhem,31/12/2018,2018,12,14501,20
515,East Pilbara,31/12/2018,2018,12,25988,0
516,Far North,31/12/2018,2018,12,33455,60
517,Innisfail - Cassowary Coast,31/12/2018,2018,12,35784,9
518,Katherine,31/12/2018,2018,12,20937,38
519,Kimberley,31/12/2018,2018,12,37094,0
520,Litchfield,31/12/2018,2018,12,24136,1
521,Mackay,31/12/2018,2018,12,118436,7
522,Outback - North,31/12/2018,2018,12,30784,31
523,Palmerston,31/12/2018,2018,12,37654,17
524,Port Douglas - Daintree,31/12/2018,2018,12,12131,3
525,Tablelands (East) - Kuranda,31/12/2018,2018,12,42222,5
526,Townsville,31/12/2018,2018,12,193295,32
527,West Pilbara,31/12/2018,2018,12,33699,0
528,Whitsunday,31/12/2018,2018,12,22678,3
529,Alice Springs,31/1/2019,2019,1,40128,10
530,Barkly,31/1/2019,2019,1,6028,40
531,Bowen Basin - North,31/1/2019,2019,1,35095,0
532,Cairns_Region,31/1/2019,2019,1,163733,37
533,Charters Towers - Ayr - Ingham,31/1/2019,2019,1,42059,24
534,Daly - Tiwi - West Arnhem,31/1/2019,2019,1,17917,4
535,Darwin_Region,31/1/2019,2019,1,86771,109
536,East Arnhem,31/1/2019,2019,1,14502,26
537,East Pilbara,31/1/2019,2019,1,26257,2
538,Far North,31/1/2019,2019,1,33323,95
539,Innisfail - Cassowary Coast,31/1/2019,2019,1,35833,11
540,Katherine,31/1/2019,2019,1,21032,60
541,Kimberley,31/1/2019,2019,1,37559,1
542,Litchfield,31/1/2019,2019,1,23563,1
543,Mackay,31/1/2019,2019,1,119665,11
544,Outback - North,31/1/2019,2019,1,30838,55
545,Palmerston,31/1/2019,2019,1,38212,20
546,Port Douglas - Daintree,31/1/2019,2019,1,12242,6
547,Tablelands (East) - Kuranda,31/1/2019,2019,1,42615,16
548,Townsville,31/1/2019,2019,1,193951,57
549,West Pilbara,31/1/2019,2019,1,32917,0
550,Whitsunday,31/1/2019,2019,1,23013,5
551,Alice Springs,28/2/2019,2019,2,40128,20
552,Barkly,28/2/2019,2019,2,6028,26
553,Bowen Basin - North,28/2/2019,2019,2,35095,2
554,Cairns_Region,28/2/2019,2019,2,163733,64
555,Charters Towers - Ayr - Ingham,28/2/2019,2019,2,42059,23
556,Daly - Tiwi - West Arnhem,28/2/2019,2019,2,17917,4
557,Darwin_Region,28/2/2019,2019,2,86771,72
558,East Arnhem,28/2/2019,2019,2,14502,14
559,East Pilbara,28/2/2019,2019,2,26257,0
560,Far North,28/2/2019,2019,2,33323,78
561,Innisfail - Cassowary Coast,28/2/2019,2019,2,35833,18
562,Katherine,28/2/2019,2019,2,21032,57
563,Kimberley,28/2/2019,2019,2,37559,2
564,Litchfield,28/2/2019,2019,2,23563,0
565,Mackay,28/2/2019,2019,2,119665,15
566,Outback - North,28/2/2019,2019,2,30838,46
567,Palmerston,28/2/2019,2019,2,38212,20
568,Port Douglas - Daintree,28/2/2019,2019,2,12242,4
569,Tablelands (East) - Kuranda,28/2/2019,2019,2,42615,21
570,Townsville,28/2/2019,2019,2,193951,61
571,West Pilbara,28/2/2019,2019,2,32917,0
572,Whitsunday,28/2/2019,2019,2,23013,2
573,Alice Springs,31/3/2019,2019,3,40128,22
574,Barkly,31/3/2019,2019,3,6028,51
575,Bowen Basin - North,31/3/2019,2019,3,35095,3
576,Cairns_Region,31/3/2019,2019,3,163733,48
577,Charters Towers - Ayr - Ingham,31/3/2019,2019,3,42059,11
578,Daly - Tiwi - West Arnhem,31/3/2019,2019,3,17917,1
579,Darwin_Region,31/3/2019,2019,3,86771,81
580,East Arnhem,31/3/2019,2019,3,14502,19
581,East Pilbara,31/3/2019,2019,3,26257,0
582,Far North,31/3/2019,2019,3,33323,72
583,Innisfail - Cassowary Coast,31/3/2019,2019,3,35833,10
584,Katherine,31/3/2019,2019,3,21032,53
585,Kimberley,31/3/2019,2019,3,37559,1
586,Litchfield,31/3/2019,2019,3,23563,0
587,Mackay,31/3/2019,2019,3,119665,14
588,Outback - North,31/3/2019,2019,3,30838,45
589,Palmerston,31/3/2019,2019,3,38212,24
590,Port Douglas - Daintree,31/3/2019,2019,3,12242,0
591,Tablelands (East) - Kuranda,31/3/2019,2019,3,42615,18
592,Townsville,31/3/2019,2019,3,193951,63
593,West Pilbara,31/3/2019,2019,3,32917,1
594,Whitsunday,31/3/2019,2019,3,23013,5
595,Alice Springs,30/4/2019,2019,4,40128,16
596,Barkly,30/4/2019,2019,4,6028,25
597,Bowen Basin - North,30/4/2019,2019,4,35095,1
598,Cairns_Region,30/4/2019,2019,4,163733,43
599,Charters Towers - Ayr - Ingham,30/4/2019,2019,4,42059,13
600,Daly - Tiwi - West Arnhem,30/4/2019,2019,4,17917,6
601,Darwin_Region,30/4/2019,2019,4,86771,72
602,East Arnhem,30/4/2019,2019,4,14502,19
603,East Pilbara,30/4/2019,2019,4,26257,0
604,Far North,30/4/2019,2019,4,33323,59
605,Innisfail - Cassowary Coast,30/4/2019,2019,4,35833,11
606,Katherine,30/4/2019,2019,4,21032,48
607,Kimberley,30/4/2019,2019,4,37559,0
608,Litchfield,30/4/2019,2019,4,23563,0
609,Mackay,30/4/2019,2019,4,119665,11
610,Outback - North,30/4/2019,2019,4,30838,33
611,Palmerston,30/4/2019,2019,4,38212,25
612,Port Douglas - Daintree,30/4/2019,2019,4,12242,4
613,Tablelands (East) - Kuranda,30/4/2019,2019,4,42615,19
614,Townsville,30/4/2019,2019,4,193951,44
615,West Pilbara,30/4/2019,2019,4,32917,3
616,Whitsunday,30/4/2019,2019,4,23013,1
617,Alice Springs,31/5/2019,2019,5,40128,21
618,Barkly,31/5/2019,2019,5,6028,48
619,Bowen Basin - North,31/5/2019,2019,5,35095,3
620,Cairns_Region,31/5/2019,2019,5,163733,40
621,Charters Towers - Ayr - Ingham,31/5/2019,2019,5,42059,19
622,Daly - Tiwi - West Arnhem,31/5/2019,2019,5,17917,3
623,Darwin_Region,31/5/2019,2019,5,86771,70
624,East Arnhem,31/5/2019,2019,5,14502,17
625,East Pilbara,31/5/2019,2019,5,26257,0
626,Far North,31/5/2019,2019,5,33323,51
627,Innisfail - Cassowary Coast,31/5/2019,2019,5,35833,11
628,Katherine,31/5/2019,2019,5,21032,60
629,Kimberley,31/5/2019,2019,5,37559,2
630,Litchfield,31/5/2019,2019,5,23563,0
631,Mackay,31/5/2019,2019,5,119665,5
632,Outback - North,31/5/2019,2019,5,30838,36
633,Palmerston,31/5/2019,2019,5,38212,16
634,Port Douglas - Daintree,31/5/2019,2019,5,12242,7
635,Tablelands (East) - Kuranda,31/5/2019,2019,5,42615,14
636,Townsville,31/5/2019,2019,5,193951,45
637,West Pilbara,31/5/2019,2019,5,32917,0
638,Whitsunday,31/5/2019,2019,5,23013,4
639,Alice Springs,30/6/2019,2019,6,40128,4
640,Barkly,30/6/2019,2019,6,6028,24
641,Bowen Basin - North,30/6/2019,2019,6,35095,2
642,Cairns_Region,30/6/2019,2019,6,163733,43
643,Charters Towers - Ayr - Ingham,30/6/2019,2019,6,42059,19
644,Daly - Tiwi - West Arnhem,30/6/2019,2019,6,17917,2
645,Darwin_Region,30/6/2019,2019,6,86771,71
646,East Arnhem,30/6/2019,2019,6,14502,7
647,East Pilbara,30/6/2019,2019,6,26257,1
648,Far North,30/6/2019,2019,6,33323,54
649,Innisfail - Cassowary Coast,30/6/2019,2019,6,35833,6
650,Katherine,30/6/2019,2019,6,21032,37
651,Kimberley,30/6/2019,2019,6,37559,2
652,Litchfield,30/6/2019,2019,6,23563,1
653,Mackay,30/6/2019,2019,6,119665,9
654,Outback - North,30/6/2019,2019,6,30838,42
655,Palmerston,30/6/2019,2019,6,38212,21
656,Port Douglas - Daintree,30/6/2019,2019,6,12242,1
657,Tablelands (East) - Kuranda,30/6/2019,2019,6,42615,7
658,Townsville,30/6/2019,2019,6,193951,43
659,West Pilbara,30/6/2019,2019,6,32917,1
660,Whitsunday,30/6/2019,2019,6,23013,3
661,Alice Springs,31/7/2019,2019,7,40128,20
662,Barkly,31/7/2019,2019,7,6028,25
663,Bowen Basin - North,31/7/2019,2019,7,35095,3
664,Cairns_Region,31/7/2019,2019,7,163733,31
665,Charters Towers - Ayr - Ingham,31/7/2019,2019,7,42059,13
666,Daly - Tiwi - West Arnhem,31/7/2019,2019,7,17917,1
667,Darwin_Region,31/7/2019,2019,7,86771,66
668,East Arnhem,31/7/2019,2019,7,14502,10
669,East Pilbara,31/7/2019,2019,7,26257,0
670,Far North,31/7/2019,2019,7,33323,69
671,Innisfail - Cassowary Coast,31/7/2019,2019,7,35833,12
672,Katherine,31/7/2019,2019,7,21032,43
673,Kimberley,31/7/2019,2019,7,37559,0
674,Litchfield,31/7/2019,2019,7,23563,0
675,Mackay,31/7/2019,2019,7,119665,9
676,Outback - North,31/7/2019,2019,7,30838,28
677,Palmerston,31/7/2019,2019,7,38212,14
678,Port Douglas - Daintree,31/7/2019,2019,7,12242,1
679,Tablelands (East) - Kuranda,31/7/2019,2019,7,42615,8
680,Townsville,31/7/2019,2019,7,193951,35
681,West Pilbara,31/7/2019,2019,7,32917,1
682,Whitsunday,31/7/2019,2019,7,23013,0
683,Alice Springs,31/8/2019,2019,8,40128,15
684,Barkly,31/8/2019,2019,8,6028,28
685,Bowen Basin - North,31/8/2019,2019,8,35095,8
686,Cairns_Region,31/8/2019,2019,8,163733,43
687,Charters Towers - Ayr - Ingham,31/8/2019,2019,8,42059,17
688,Daly - Tiwi - West Arnhem,31/8/2019,2019,8,17917,NA
689,Darwin_Region,31/8/2019,2019,8,86771,67
690,East Arnhem,31/8/2019,2019,8,14502,11
691,East Pilbara,31/8/2019,2019,8,26257,0
692,Far North,31/8/2019,2019,8,33323,60
693,Innisfail - Cassowary Coast,31/8/2019,2019,8,35833,3
694,Katherine,31/8/2019,2019,8,21032,46
695,Kimberley,31/8/2019,2019,8,37559,1
696,Litchfield,31/8/2019,2019,8,23563,0
697,Mackay,31/8/2019,2019,8,119665,11
698,Outback - North,31/8/2019,2019,8,30838,31
699,Palmerston,31/8/2019,2019,8,38212,18
700,Port Douglas - Daintree,31/8/2019,2019,8,12242,1
701,Tablelands (East) - Kuranda,31/8/2019,2019,8,42615,6
702,Townsville,31/8/2019,2019,8,193951,25
703,West Pilbara,31/8/2019,2019,8,32917,1
704,Whitsunday,31/8/2019,2019,8,23013,0
705,Alice Springs,30/9/2019,2019,9,40128,26
706,Barkly,30/9/2019,2019,9,6028,24
707,Bowen Basin - North,30/9/2019,2019,9,35095,0
708,Cairns_Region,30/9/2019,2019,9,163733,45
709,Charters Towers - Ayr - Ingham,30/9/2019,2019,9,42059,8
710,Daly - Tiwi - West Arnhem,30/9/2019,2019,9,17917,0
711,Darwin_Region,30/9/2019,2019,9,86771,66
712,East Arnhem,30/9/2019,2019,9,14502,12
713,East Pilbara,30/9/2019,2019,9,26257,3
714,Far North,30/9/2019,2019,9,33323,39
715,Innisfail - Cassowary Coast,30/9/2019,2019,9,35833,5
716,Katherine,30/9/2019,2019,9,21032,27
717,Kimberley,30/9/2019,2019,9,37559,2
718,Litchfield,30/9/2019,2019,9,23563,0
719,Mackay,30/9/2019,2019,9,119665,4
720,Outback - North,30/9/2019,2019,9,30838,25
721,Palmerston,30/9/2019,2019,9,38212,10
722,Port Douglas - Daintree,30/9/2019,2019,9,12242,2
723,Tablelands (East) - Kuranda,30/9/2019,2019,9,42615,10
724,Townsville,30/9/2019,2019,9,193951,28
725,West Pilbara,30/9/2019,2019,9,32917,1
726,Whitsunday,30/9/2019,2019,9,23013,1
727,Alice Springs,31/10/2019,2019,10,40128,7
728,Barkly,31/10/2019,2019,10,6028,28
729,Bowen Basin - North,31/10/2019,2019,10,35095,2
730,Cairns_Region,31/10/2019,2019,10,163733,33
731,Charters Towers - Ayr - Ingham,31/10/2019,2019,10,42059,11
732,Daly - Tiwi - West Arnhem,31/10/2019,2019,10,17917,1
733,Darwin_Region,31/10/2019,2019,10,86771,78
734,East Arnhem,31/10/2019,2019,10,14502,9
735,East Pilbara,31/10/2019,2019,10,26257,0
736,Far North,31/10/2019,2019,10,33323,53
737,Innisfail - Cassowary Coast,31/10/2019,2019,10,35833,6
738,Katherine,31/10/2019,2019,10,21032,46
739,Kimberley,31/10/2019,2019,10,37559,2
740,Litchfield,31/10/2019,2019,10,23563,0
741,Mackay,31/10/2019,2019,10,119665,7
742,Outback - North,31/10/2019,2019,10,30838,49
743,Palmerston,31/10/2019,2019,10,38212,16
744,Port Douglas - Daintree,31/10/2019,2019,10,12242,2
745,Tablelands (East) - Kuranda,31/10/2019,2019,10,42615,14
746,Townsville,31/10/2019,2019,10,193951,40
747,West Pilbara,31/10/2019,2019,10,32917,0
748,Whitsunday,31/10/2019,2019,10,23013,0
749,Alice Springs,30/11/2019,2019,11,40128,9
750,Barkly,30/11/2019,2019,11,6028,25
751,Bowen Basin - North,30/11/2019,2019,11,35095,0
752,Cairns_Region,30/11/2019,2019,11,163733,35
753,Charters Towers - Ayr - Ingham,30/11/2019,2019,11,42059,9
754,Daly - Tiwi - West Arnhem,30/11/2019,2019,11,17917,3
755,Darwin_Region,30/11/2019,2019,11,86771,65
756,East Arnhem,30/11/2019,2019,11,14502,15
757,East Pilbara,30/11/2019,2019,11,26257,3
758,Far North,30/11/2019,2019,11,33323,45
759,Innisfail - Cassowary Coast,30/11/2019,2019,11,35833,5
760,Katherine,30/11/2019,2019,11,21032,44
761,Kimberley,30/11/2019,2019,11,37559,3
762,Litchfield,30/11/2019,2019,11,23563,1
763,Mackay,30/11/2019,2019,11,119665,8
764,Outback - North,30/11/2019,2019,11,30838,53
765,Palmerston,30/11/2019,2019,11,38212,16
766,Port Douglas - Daintree,30/11/2019,2019,11,12242,1
767,Tablelands (East) - Kuranda,30/11/2019,2019,11,42615,10
768,Townsville,30/11/2019,2019,11,193951,37
769,West Pilbara,30/11/2019,2019,11,32917,NA
770,Whitsunday,30/11/2019,2019,11,23013,0
771,Alice Springs,31/12/2019,2019,12,40128,16
772,Barkly,31/12/2019,2019,12,6028,19
773,Bowen Basin - North,31/12/2019,2019,12,35095,0
774,Cairns_Region,31/12/2019,2019,12,163733,44
775,Charters Towers - Ayr - Ingham,31/12/2019,2019,12,42059,18
776,Daly - Tiwi - West Arnhem,31/12/2019,2019,12,17917,4
777,Darwin_Region,31/12/2019,2019,12,86771,71
778,East Arnhem,31/12/2019,2019,12,14502,13
779,East Pilbara,31/12/2019,2019,12,26257,0
780,Far North,31/12/2019,2019,12,33323,51
781,Innisfail - Cassowary Coast,31/12/2019,2019,12,35833,12
782,Katherine,31/12/2019,2019,12,21032,52
783,Kimberley,31/12/2019,2019,12,37559,0
784,Litchfield,31/12/2019,2019,12,23563,0
785,Mackay,31/12/2019,2019,12,119665,10
786,Outback - North,31/12/2019,2019,12,30838,56
787,Palmerston,31/12/2019,2019,12,38212,22
788,Port Douglas - Daintree,31/12/2019,2019,12,12242,7
789,Tablelands (East) - Kuranda,31/12/2019,2019,12,42615,8
790,Townsville,31/12/2019,2019,12,193951,39
791,West Pilbara,31/12/2019,2019,12,32917,0
792,Whitsunday,31/12/2019,2019,12,23013,1
793,Alice Springs,31/1/2020,2020,1,40421,18
794,Barkly,31/1/2020,2020,1,6053,40
795,Bowen Basin - North,31/1/2020,2020,1,35865,2
796,Cairns_Region,31/1/2020,2020,1,165350,54
797,Charters Towers - Ayr - Ingham,31/1/2020,2020,1,41999,26
798,Daly - Tiwi - West Arnhem,31/1/2020,2020,1,18017,0
799,Darwin_Region,31/1/2020,2020,1,86853,111
800,East Arnhem,31/1/2020,2020,1,14526,15
801,East Pilbara,31/1/2020,2020,1,26691,53
802,Far North,31/1/2020,2020,1,33223,72
803,Innisfail - Cassowary Coast,31/1/2020,2020,1,35946,13
804,Katherine,31/1/2020,2020,1,21121,63
805,Kimberley,31/1/2020,2020,1,38254,181
806,Litchfield,31/1/2020,2020,1,23002,1
807,Mackay,31/1/2020,2020,1,121612,15
808,Outback - North,31/1/2020,2020,1,31092,72
809,Palmerston,31/1/2020,2020,1,38950,33
810,Port Douglas - Daintree,31/1/2020,2020,1,12310,4
811,Tablelands (East) - Kuranda,31/1/2020,2020,1,43119,20
812,Townsville,31/1/2020,2020,1,195071,51
813,West Pilbara,31/1/2020,2020,1,32242,28
814,Whitsunday,31/1/2020,2020,1,23490,0
815,Alice Springs,29/2/2020,2020,2,40421,15
816,Barkly,29/2/2020,2020,2,6053,46
817,Bowen Basin - North,29/2/2020,2020,2,35865,4
818,Cairns_Region,29/2/2020,2020,2,165350,67
819,Charters Towers - Ayr - Ingham,29/2/2020,2020,2,41999,24
820,Daly - Tiwi - West Arnhem,29/2/2020,2020,2,18017,4
821,Darwin_Region,29/2/2020,2020,2,86853,99
822,East Arnhem,29/2/2020,2020,2,14526,15
823,East Pilbara,29/2/2020,2020,2,26691,37
824,Far North,29/2/2020,2020,2,33223,68
825,Innisfail - Cassowary Coast,29/2/2020,2020,2,35946,6
826,Katherine,29/2/2020,2020,2,21121,72
827,Kimberley,29/2/2020,2020,2,38254,161
828,Litchfield,29/2/2020,2020,2,23002,0
829,Mackay,29/2/2020,2020,2,121612,21
830,Outback - North,29/2/2020,2020,2,31092,73
831,Palmerston,29/2/2020,2020,2,38950,17
832,Port Douglas - Daintree,29/2/2020,2020,2,12310,9
833,Tablelands (East) - Kuranda,29/2/2020,2020,2,43119,26
834,Townsville,29/2/2020,2020,2,195071,46
835,West Pilbara,29/2/2020,2020,2,32242,26
836,Whitsunday,29/2/2020,2020,2,23490,3
837,Alice Springs,31/3/2020,2020,3,40421,18
838,Barkly,31/3/2020,2020,3,6053,37
839,Bowen Basin - North,31/3/2020,2020,3,35865,0
840,Cairns_Region,31/3/2020,2020,3,165350,39
841,Charters Towers - Ayr - Ingham,31/3/2020,2020,3,41999,12
842,Daly - Tiwi - West Arnhem,31/3/2020,2020,3,18017,1
843,Darwin_Region,31/3/2020,2020,3,86853,96
844,East Arnhem,31/3/2020,2020,3,14526,13
845,East Pilbara,31/3/2020,2020,3,26691,35
846,Far North,31/3/2020,2020,3,33223,51
847,Innisfail - Cassowary Coast,31/3/2020,2020,3,35946,10
848,Katherine,31/3/2020,2020,3,21121,38
849,Kimberley,31/3/2020,2020,3,38254,99
850,Litchfield,31/3/2020,2020,3,23002,0
851,Mackay,31/3/2020,2020,3,121612,18
852,Outback - North,31/3/2020,2020,3,31092,48
853,Palmerston,31/3/2020,2020,3,38950,20
854,Port Douglas - Daintree,31/3/2020,2020,3,12310,3
855,Tablelands (East) - Kuranda,31/3/2020,2020,3,43119,29
856,Townsville,31/3/2020,2020,3,195071,49
857,West Pilbara,31/3/2020,2020,3,32242,28
858,Whitsunday,31/3/2020,2020,3,23490,1
859,Alice Springs,30/4/2020,2020,4,40421,11
860,Barkly,30/4/2020,2020,4,6053,34
861,Bowen Basin - North,30/4/2020,2020,4,35865,0
862,Cairns_Region,30/4/2020,2020,4,165350,29
863,Charters Towers - Ayr - Ingham,30/4/2020,2020,4,41999,14
864,Daly - Tiwi - West Arnhem,30/4/2020,2020,4,18017,3
865,Darwin_Region,30/4/2020,2020,4,86853,57
866,East Arnhem,30/4/2020,2020,4,14526,11
867,East Pilbara,30/4/2020,2020,4,26691,16
868,Far North,30/4/2020,2020,4,33223,46
869,Innisfail - Cassowary Coast,30/4/2020,2020,4,35946,8
870,Katherine,30/4/2020,2020,4,21121,37
871,Kimberley,30/4/2020,2020,4,38254,78
872,Litchfield,30/4/2020,2020,4,23002,0
873,Mackay,30/4/2020,2020,4,121612,18
874,Outback - North,30/4/2020,2020,4,31092,34
875,Palmerston,30/4/2020,2020,4,38950,16
876,Port Douglas - Daintree,30/4/2020,2020,4,12310,3
877,Tablelands (East) - Kuranda,30/4/2020,2020,4,43119,16
878,Townsville,30/4/2020,2020,4,195071,42
879,West Pilbara,30/4/2020,2020,4,32242,24
880,Whitsunday,30/4/2020,2020,4,23490,1
881,Alice Springs,31/5/2020,2020,5,40421,19
882,Barkly,31/5/2020,2020,5,6053,35
883,Bowen Basin - North,31/5/2020,2020,5,35865,0
884,Cairns_Region,31/5/2020,2020,5,165350,33
885,Charters Towers - Ayr - Ingham,31/5/2020,2020,5,41999,14
886,Daly - Tiwi - West Arnhem,31/5/2020,2020,5,18017,2
887,Darwin_Region,31/5/2020,2020,5,86853,54
888,East Arnhem,31/5/2020,2020,5,14526,10
889,East Pilbara,31/5/2020,2020,5,26691,24
890,Far North,31/5/2020,2020,5,33223,60
891,Innisfail - Cassowary Coast,31/5/2020,2020,5,35946,10
892,Katherine,31/5/2020,2020,5,21121,41
893,Kimberley,31/5/2020,2020,5,38254,92
894,Litchfield,31/5/2020,2020,5,23002,0
895,Mackay,31/5/2020,2020,5,121612,11
896,Outback - North,31/5/2020,2020,5,31092,32
897,Palmerston,31/5/2020,2020,5,38950,10
898,Port Douglas - Daintree,31/5/2020,2020,5,12310,0
899,Tablelands (East) - Kuranda,31/5/2020,2020,5,43119,15
900,Townsville,31/5/2020,2020,5,195071,30
901,West Pilbara,31/5/2020,2020,5,32242,23
902,Whitsunday,31/5/2020,2020,5,23490,0
903,Alice Springs,30/6/2020,2020,6,40421,15
904,Barkly,30/6/2020,2020,6,6053,42
905,Bowen Basin - North,30/6/2020,2020,6,35865,1
906,Cairns_Region,30/6/2020,2020,6,165350,30
907,Charters Towers - Ayr - Ingham,30/6/2020,2020,6,41999,5
908,Daly - Tiwi - West Arnhem,30/6/2020,2020,6,18017,4
909,Darwin_Region,30/6/2020,2020,6,86853,71
910,East Arnhem,30/6/2020,2020,6,14526,11
911,East Pilbara,30/6/2020,2020,6,26691,25
912,Far North,30/6/2020,2020,6,33223,34
913,Innisfail - Cassowary Coast,30/6/2020,2020,6,35946,12
914,Katherine,30/6/2020,2020,6,21121,42
915,Kimberley,30/6/2020,2020,6,38254,85
916,Litchfield,30/6/2020,2020,6,23002,0
917,Mackay,30/6/2020,2020,6,121612,14
918,Outback - North,30/6/2020,2020,6,31092,33
919,Palmerston,30/6/2020,2020,6,38950,8
920,Port Douglas - Daintree,30/6/2020,2020,6,12310,4
921,Tablelands (East) - Kuranda,30/6/2020,2020,6,43119,11
922,Townsville,30/6/2020,2020,6,195071,34
923,West Pilbara,30/6/2020,2020,6,32242,18
924,Whitsunday,30/6/2020,2020,6,23490,2
925,Alice Springs,31/7/2020,2020,7,40421,14
926,Barkly,31/7/2020,2020,7,6053,40
927,Bowen Basin - North,31/7/2020,2020,7,35865,1
928,Cairns_Region,31/7/2020,2020,7,165350,34
929,Charters Towers - Ayr - Ingham,31/7/2020,2020,7,41999,8
930,Daly - Tiwi - West Arnhem,31/7/2020,2020,7,18017,3
931,Darwin_Region,31/7/2020,2020,7,86853,64
932,East Arnhem,31/7/2020,2020,7,14526,12
933,East Pilbara,31/7/2020,2020,7,26691,24
934,Far North,31/7/2020,2020,7,33223,45
935,Innisfail - Cassowary Coast,31/7/2020,2020,7,35946,5
936,Katherine,31/7/2020,2020,7,21121,38
937,Kimberley,31/7/2020,2020,7,38254,83
938,Litchfield,31/7/2020,2020,7,23002,0
939,Mackay,31/7/2020,2020,7,121612,13
940,Outback - North,31/7/2020,2020,7,31092,39
941,Palmerston,31/7/2020,2020,7,38950,11
942,Port Douglas - Daintree,31/7/2020,2020,7,12310,3
943,Tablelands (East) - Kuranda,31/7/2020,2020,7,43119,19
944,Townsville,31/7/2020,2020,7,195071,20
945,West Pilbara,31/7/2020,2020,7,32242,12
946,Whitsunday,31/7/2020,2020,7,23490,0
947,Alice Springs,31/8/2020,2020,8,40421,14
948,Barkly,31/8/2020,2020,8,6053,37
949,Bowen Basin - North,31/8/2020,2020,8,35865,0
950,Cairns_Region,31/8/2020,2020,8,165350,27
951,Charters Towers - Ayr - Ingham,31/8/2020,2020,8,41999,6
952,Daly - Tiwi - West Arnhem,31/8/2020,2020,8,18017,4
953,Darwin_Region,31/8/2020,2020,8,86853,75
954,East Arnhem,31/8/2020,2020,8,14526,13
955,East Pilbara,31/8/2020,2020,8,26691,21
956,Far North,31/8/2020,2020,8,33223,38
957,Innisfail - Cassowary Coast,31/8/2020,2020,8,35946,7
958,Katherine,31/8/2020,2020,8,21121,48
959,Kimberley,31/8/2020,2020,8,38254,95
960,Litchfield,31/8/2020,2020,8,23002,0
961,Mackay,31/8/2020,2020,8,121612,6
962,Outback - North,31/8/2020,2020,8,31092,41
963,Palmerston,31/8/2020,2020,8,38950,11
964,Port Douglas - Daintree,31/8/2020,2020,8,12310,2
965,Tablelands (East) - Kuranda,31/8/2020,2020,8,43119,9
966,Townsville,31/8/2020,2020,8,195071,26
967,West Pilbara,31/8/2020,2020,8,32242,13
968,Whitsunday,31/8/2020,2020,8,23490,0
969,Alice Springs,30/9/2020,2020,9,40421,12
970,Barkly,30/9/2020,2020,9,6053,34
971,Bowen Basin - North,30/9/2020,2020,9,35865,1
972,Cairns_Region,30/9/2020,2020,9,165350,44
973,Charters Towers - Ayr - Ingham,30/9/2020,2020,9,41999,9
974,Daly - Tiwi - West Arnhem,30/9/2020,2020,9,18017,0
975,Darwin_Region,30/9/2020,2020,9,86853,73
976,East Arnhem,30/9/2020,2020,9,14526,9
977,East Pilbara,30/9/2020,2020,9,26691,18
978,Far North,30/9/2020,2020,9,33223,35
979,Innisfail - Cassowary Coast,30/9/2020,2020,9,35946,2
980,Katherine,30/9/2020,2020,9,21121,52
981,Kimberley,30/9/2020,2020,9,38254,113
982,Litchfield,30/9/2020,2020,9,23002,0
983,Mackay,30/9/2020,2020,9,121612,7
984,Outback - North,30/9/2020,2020,9,31092,40
985,Palmerston,30/9/2020,2020,9,38950,14
986,Port Douglas - Daintree,30/9/2020,2020,9,12310,4
987,Tablelands (East) - Kuranda,30/9/2020,2020,9,43119,10
988,Townsville,30/9/2020,2020,9,195071,29
989,West Pilbara,30/9/2020,2020,9,32242,15
990,Whitsunday,30/9/2020,2020,9,23490,0
991,Alice Springs,31/10/2020,2020,10,40421,13
992,Barkly,31/10/2020,2020,10,6053,29
993,Bowen Basin - North,31/10/2020,2020,10,35865,2
994,Cairns_Region,31/10/2020,2020,10,165350,46
995,Charters Towers - Ayr - Ingham,31/10/2020,2020,10,41999,8
996,Daly - Tiwi - West Arnhem,31/10/2020,2020,10,18017,3
997,Darwin_Region,31/10/2020,2020,10,86853,99
998,East Arnhem,31/10/2020,2020,10,14526,12
999,East Pilbara,31/10/2020,2020,10,26691,14
1000,Far North,31/10/2020,2020,10,33223,54
1001,Innisfail - Cassowary Coast,31/10/2020,2020,10,35946,4
1002,Katherine,31/10/2020,2020,10,21121,70
1003,Kimberley,31/10/2020,2020,10,38254,97
1004,Litchfield,31/10/2020,2020,10,23002,0
1005,Mackay,31/10/2020,2020,10,121612,15
1006,Outback - North,31/10/2020,2020,10,31092,37
1007,Palmerston,31/10/2020,2020,10,38950,14
1008,Port Douglas - Daintree,31/10/2020,2020,10,12310,2
1009,Tablelands (East) - Kuranda,31/10/2020,2020,10,43119,19
1010,Townsville,31/10/2020,2020,10,195071,23
1011,West Pilbara,31/10/2020,2020,10,32242,9
1012,Whitsunday,31/10/2020,2020,10,23490,4
1013,Alice Springs,30/11/2020,2020,11,40421,9
1014,Barkly,30/11/2020,2020,11,6053,32
1015,Bowen Basin - North,30/11/2020,2020,11,35865,0
1016,Cairns_Region,30/11/2020,2020,11,165350,55
1017,Charters Towers - Ayr - Ingham,30/11/2020,2020,11,41999,19
1018,Daly - Tiwi - West Arnhem,30/11/2020,2020,11,18017,0
1019,Darwin_Region,30/11/2020,2020,11,86853,71
1020,East Arnhem,30/11/2020,2020,11,14526,12
1021,East Pilbara,30/11/2020,2020,11,26691,21
1022,Far North,30/11/2020,2020,11,33223,36
1023,Innisfail - Cassowary Coast,30/11/2020,2020,11,35946,11
1024,Katherine,30/11/2020,2020,11,21121,56
1025,Kimberley,30/11/2020,2020,11,38254,100
1026,Litchfield,30/11/2020,2020,11,23002,0
1027,Mackay,30/11/2020,2020,11,121612,9
1028,Outback - North,30/11/2020,2020,11,31092,21
1029,Palmerston,30/11/2020,2020,11,38950,15
1030,Port Douglas - Daintree,30/11/2020,2020,11,12310,7
1031,Tablelands (East) - Kuranda,30/11/2020,2020,11,43119,23
1032,Townsville,30/11/2020,2020,11,195071,30
1033,West Pilbara,30/11/2020,2020,11,32242,22
1034,Whitsunday,30/11/2020,2020,11,23490,1
1035,Alice Springs,31/12/2020,2020,12,40421,11
1036,Barkly,31/12/2020,2020,12,6053,20
1037,Bowen Basin - North,31/12/2020,2020,12,35865,1
1038,Cairns_Region,31/12/2020,2020,12,165350,37
1039,Charters Towers - Ayr - Ingham,31/12/2020,2020,12,41999,11
1040,Daly - Tiwi - West Arnhem,31/12/2020,2020,12,18017,4
1041,Darwin_Region,31/12/2020,2020,12,86853,92
1042,East Arnhem,31/12/2020,2020,12,14526,9
1043,East Pilbara,31/12/2020,2020,12,26691,34
1044,Far North,31/12/2020,2020,12,33223,42
1045,Innisfail - Cassowary Coast,31/12/2020,2020,12,35946,10
1046,Katherine,31/12/2020,2020,12,21121,59
1047,Kimberley,31/12/2020,2020,12,38254,101
1048,Litchfield,31/12/2020,2020,12,23002,0
1049,Mackay,31/12/2020,2020,12,121612,14
1050,Outback - North,31/12/2020,2020,12,31092,36
1051,Palmerston,31/12/2020,2020,12,38950,22
1052,Port Douglas - Daintree,31/12/2020,2020,12,12310,7
1053,Tablelands (East) - Kuranda,31/12/2020,2020,12,43119,25
1054,Townsville,31/12/2020,2020,12,195071,31
1055,West Pilbara,31/12/2020,2020,12,32242,38
1056,Whitsunday,31/12/2020,2020,12,23490,3
1057,Alice Springs,31/1/2021,2021,1,40693,27
1058,Barkly,31/1/2021,2021,1,6020,27
1059,Bowen Basin - North,31/1/2021,2021,1,36377,4
1060,Cairns_Region,31/1/2021,2021,1,165605,56
1061,Charters Towers - Ayr - Ingham,31/1/2021,2021,1,41888,17
1062,Daly - Tiwi - West Arnhem,31/1/2021,2021,1,18021,3
1063,Darwin_Region,31/1/2021,2021,1,86688,129
1064,East Arnhem,31/1/2021,2021,1,14520,10
1065,East Pilbara,31/1/2021,2021,1,27037,39
1066,Far North,31/1/2021,2021,1,33068,61
1067,Innisfail - Cassowary Coast,31/1/2021,2021,1,35830,10
1068,Katherine,31/1/2021,2021,1,21145,61
1069,Kimberley,31/1/2021,2021,1,38717,177
1070,Litchfield,31/1/2021,2021,1,22599,1
1071,Mackay,31/1/2021,2021,1,123183,20
1072,Outback - North,31/1/2021,2021,1,31144,56
1073,Palmerston,31/1/2021,2021,1,39514,23
1074,Port Douglas - Daintree,31/1/2021,2021,1,12360,12
1075,Tablelands (East) - Kuranda,31/1/2021,2021,1,43354,26
1076,Townsville,31/1/2021,2021,1,195564,51
1077,West Pilbara,31/1/2021,2021,1,31206,40
1078,Whitsunday,31/1/2021,2021,1,23709,0
1079,Alice Springs,28/2/2021,2021,2,40693,19
1080,Barkly,28/2/2021,2021,2,6020,56
1081,Bowen Basin - North,28/2/2021,2021,2,36377,4
1082,Cairns_Region,28/2/2021,2021,2,165605,48
1083,Charters Towers - Ayr - Ingham,28/2/2021,2021,2,41888,21
1084,Daly - Tiwi - West Arnhem,28/2/2021,2021,2,18021,6
1085,Darwin_Region,28/2/2021,2021,2,86688,96
1086,East Arnhem,28/2/2021,2021,2,14520,4
1087,East Pilbara,28/2/2021,2021,2,27037,40
1088,Far North,28/2/2021,2021,2,33068,62
1089,Innisfail - Cassowary Coast,28/2/2021,2021,2,35830,14
1090,Katherine,28/2/2021,2021,2,21145,61
1091,Kimberley,28/2/2021,2021,2,38717,123
1092,Litchfield,28/2/2021,2021,2,22599,0
1093,Mackay,28/2/2021,2021,2,123183,7
1094,Outback - North,28/2/2021,2021,2,31144,61
1095,Palmerston,28/2/2021,2021,2,39514,25
1096,Port Douglas - Daintree,28/2/2021,2021,2,12360,5
1097,Tablelands (East) - Kuranda,28/2/2021,2021,2,43354,18
1098,Townsville,28/2/2021,2021,2,195564,46
1099,West Pilbara,28/2/2021,2021,2,31206,37
1100,Whitsunday,28/2/2021,2021,2,23709,7
1101,Alice Springs,31/3/2021,2021,3,40693,21
1102,Barkly,31/3/2021,2021,3,6020,48
1103,Bowen Basin - North,31/3/2021,2021,3,36377,0
1104,Cairns_Region,31/3/2021,2021,3,165605,49
1105,Charters Towers - Ayr - Ingham,31/3/2021,2021,3,41888,10
1106,Daly - Tiwi - West Arnhem,31/3/2021,2021,3,18021,2
1107,Darwin_Region,31/3/2021,2021,3,86688,106
1108,East Arnhem,31/3/2021,2021,3,14520,12
1109,East Pilbara,31/3/2021,2021,3,27037,33
1110,Far North,31/3/2021,2021,3,33068,47
1111,Innisfail - Cassowary Coast,31/3/2021,2021,3,35830,8
1112,Katherine,31/3/2021,2021,3,21145,68
1113,Kimberley,31/3/2021,2021,3,38717,118
1114,Litchfield,31/3/2021,2021,3,22599,0
1115,Mackay,31/3/2021,2021,3,123183,15
1116,Outback - North,31/3/2021,2021,3,31144,44
1117,Palmerston,31/3/2021,2021,3,39514,21
1118,Port Douglas - Daintree,31/3/2021,2021,3,12360,5
1119,Tablelands (East) - Kuranda,31/3/2021,2021,3,43354,27
1120,Townsville,31/3/2021,2021,3,195564,53
1121,West Pilbara,31/3/2021,2021,3,31206,30
1122,Whitsunday,31/3/2021,2021,3,23709,6
1123,Alice Springs,30/4/2021,2021,4,40693,9
1124,Barkly,30/4/2021,2021,4,6020,58
1125,Bowen Basin - North,30/4/2021,2021,4,36377,3
1126,Cairns_Region,30/4/2021,2021,4,165605,38
1127,Charters Towers - Ayr - Ingham,30/4/2021,2021,4,41888,12
1128,Daly - Tiwi - West Arnhem,30/4/2021,2021,4,18021,1
1129,Darwin_Region,30/4/2021,2021,4,86688,100
1130,East Arnhem,30/4/2021,2021,4,14520,13
1131,East Pilbara,30/4/2021,2021,4,27037,25
1132,Far North,30/4/2021,2021,4,33068,30
1133,Innisfail - Cassowary Coast,30/4/2021,2021,4,35830,15
1134,Katherine,30/4/2021,2021,4,21145,49
1135,Kimberley,30/4/2021,2021,4,38717,90
1136,Litchfield,30/4/2021,2021,4,22599,1
1137,Mackay,30/4/2021,2021,4,123183,19
1138,Outback - North,30/4/2021,2021,4,31144,42
1139,Palmerston,30/4/2021,2021,4,39514,12
1140,Port Douglas - Daintree,30/4/2021,2021,4,12360,8
1141,Tablelands (East) - Kuranda,30/4/2021,2021,4,43354,25
1142,Townsville,30/4/2021,2021,4,195564,48
1143,West Pilbara,30/4/2021,2021,4,31206,19
1144,Whitsunday,30/4/2021,2021,4,23709,6
1145,Alice Springs,31/5/2021,2021,5,40693,17
1146,Barkly,31/5/2021,2021,5,6020,33
1147,Bowen Basin - North,31/5/2021,2021,5,36377,4
1148,Cairns_Region,31/5/2021,2021,5,165605,49
1149,Charters Towers - Ayr - Ingham,31/5/2021,2021,5,41888,12
1150,Daly - Tiwi - West Arnhem,31/5/2021,2021,5,18021,0
1151,Darwin_Region,31/5/2021,2021,5,86688,94
1152,East Arnhem,31/5/2021,2021,5,14520,10
1153,East Pilbara,31/5/2021,2021,5,27037,30
1154,Far North,31/5/2021,2021,5,33068,30
1155,Innisfail - Cassowary Coast,31/5/2021,2021,5,35830,7
1156,Katherine,31/5/2021,2021,5,21145,40
1157,Kimberley,31/5/2021,2021,5,38717,88
1158,Litchfield,31/5/2021,2021,5,22599,1
1159,Mackay,31/5/2021,2021,5,123183,13
1160,Outback - North,31/5/2021,2021,5,31144,41
1161,Palmerston,31/5/2021,2021,5,39514,18
1162,Port Douglas - Daintree,31/5/2021,2021,5,12360,7
1163,Tablelands (East) - Kuranda,31/5/2021,2021,5,43354,21
1164,Townsville,31/5/2021,2021,5,195564,36
1165,West Pilbara,31/5/2021,2021,5,31206,18
1166,Whitsunday,31/5/2021,2021,5,23709,1
1167,Alice Springs,30/6/2021,2021,6,40693,13
1168,Barkly,30/6/2021,2021,6,6020,37
1169,Bowen Basin - North,30/6/2021,2021,6,36377,2
1170,Cairns_Region,30/6/2021,2021,6,165605,33
1171,Charters Towers - Ayr - Ingham,30/6/2021,2021,6,41888,15
1172,Daly - Tiwi - West Arnhem,30/6/2021,2021,6,18021,4
1173,Darwin_Region,30/6/2021,2021,6,86688,78
1174,East Arnhem,30/6/2021,2021,6,14520,9
1175,East Pilbara,30/6/2021,2021,6,27037,23
1176,Far North,30/6/2021,2021,6,33068,35
1177,Innisfail - Cassowary Coast,30/6/2021,2021,6,35830,3
1178,Katherine,30/6/2021,2021,6,21145,40
1179,Kimberley,30/6/2021,2021,6,38717,74
1180,Litchfield,30/6/2021,2021,6,22599,1
1181,Mackay,30/6/2021,2021,6,123183,15
1182,Outback - North,30/6/2021,2021,6,31144,33
1183,Palmerston,30/6/2021,2021,6,39514,15
1184,Port Douglas - Daintree,30/6/2021,2021,6,12360,5
1185,Tablelands (East) - Kuranda,30/6/2021,2021,6,43354,16
1186,Townsville,30/6/2021,2021,6,195564,27
1187,West Pilbara,30/6/2021,2021,6,31206,28
1188,Whitsunday,30/6/2021,2021,6,23709,0
1189,Alice Springs,31/7/2021,2021,7,40693,9
1190,Barkly,31/7/2021,2021,7,6020,31
1191,Bowen Basin - North,31/7/2021,2021,7,36377,1
1192,Cairns_Region,31/7/2021,2021,7,165605,45
1193,Charters Towers - Ayr - Ingham,31/7/2021,2021,7,41888,10
1194,Daly - Tiwi - West Arnhem,31/7/2021,2021,7,18021,4
1195,Darwin_Region,31/7/2021,2021,7,86688,84
1196,East Arnhem,31/7/2021,2021,7,14520,13
1197,East Pilbara,31/7/2021,2021,7,27037,20
1198,Far North,31/7/2021,2021,7,33068,43
1199,Innisfail - Cassowary Coast,31/7/2021,2021,7,35830,4
1200,Katherine,31/7/2021,2021,7,21145,56
1201,Kimberley,31/7/2021,2021,7,38717,87
1202,Litchfield,31/7/2021,2021,7,22599,0
1203,Mackay,31/7/2021,2021,7,123183,12
1204,Outback - North,31/7/2021,2021,7,31144,24
1205,Palmerston,31/7/2021,2021,7,39514,20
1206,Port Douglas - Daintree,31/7/2021,2021,7,12360,3
1207,Tablelands (East) - Kuranda,31/7/2021,2021,7,43354,8
1208,Townsville,31/7/2021,2021,7,195564,30
1209,West Pilbara,31/7/2021,2021,7,31206,14
1210,Whitsunday,31/7/2021,2021,7,23709,0
1211,Alice Springs,31/8/2021,2021,8,40693,6
1212,Barkly,31/8/2021,2021,8,6020,27
1213,Bowen Basin - North,31/8/2021,2021,8,36377,1
1214,Cairns_Region,31/8/2021,2021,8,165605,41
1215,Charters Towers - Ayr - Ingham,31/8/2021,2021,8,41888,10
1216,Daly - Tiwi - West Arnhem,31/8/2021,2021,8,18021,1
1217,Darwin_Region,31/8/2021,2021,8,86688,77
1218,East Arnhem,31/8/2021,2021,8,14520,5
1219,East Pilbara,31/8/2021,2021,8,27037,21
1220,Far North,31/8/2021,2021,8,33068,41
1221,Innisfail - Cassowary Coast,31/8/2021,2021,8,35830,3
1222,Katherine,31/8/2021,2021,8,21145,46
1223,Kimberley,31/8/2021,2021,8,38717,58
1224,Litchfield,31/8/2021,2021,8,22599,0
1225,Mackay,31/8/2021,2021,8,123183,4
1226,Outback - North,31/8/2021,2021,8,31144,27
1227,Palmerston,31/8/2021,2021,8,39514,10
1228,Port Douglas - Daintree,31/8/2021,2021,8,12360,1
1229,Tablelands (East) - Kuranda,31/8/2021,2021,8,43354,17
1230,Townsville,31/8/2021,2021,8,195564,29
1231,West Pilbara,31/8/2021,2021,8,31206,16
1232,Whitsunday,31/8/2021,2021,8,23709,2
1233,Alice Springs,30/9/2021,2021,9,40693,6
1234,Barkly,30/9/2021,2021,9,6020,29
1235,Bowen Basin - North,30/9/2021,2021,9,36377,4
1236,Cairns_Region,30/9/2021,2021,9,165605,32
1237,Charters Towers - Ayr - Ingham,30/9/2021,2021,9,41888,6
1238,Daly - Tiwi - West Arnhem,30/9/2021,2021,9,18021,0
1239,Darwin_Region,30/9/2021,2021,9,86688,72
1240,East Arnhem,30/9/2021,2021,9,14520,9
1241,East Pilbara,30/9/2021,2021,9,27037,10
1242,Far North,30/9/2021,2021,9,33068,38
1243,Innisfail - Cassowary Coast,30/9/2021,2021,9,35830,4
1244,Katherine,30/9/2021,2021,9,21145,43
1245,Kimberley,30/9/2021,2021,9,38717,71
1246,Litchfield,30/9/2021,2021,9,22599,0
1247,Mackay,30/9/2021,2021,9,123183,9
1248,Outback - North,30/9/2021,2021,9,31144,30
1249,Palmerston,30/9/2021,2021,9,39514,15
1250,Port Douglas - Daintree,30/9/2021,2021,9,12360,4
1251,Tablelands (East) - Kuranda,30/9/2021,2021,9,43354,4
1252,Townsville,30/9/2021,2021,9,195564,33
1253,West Pilbara,30/9/2021,2021,9,31206,14
1254,Whitsunday,30/9/2021,2021,9,23709,0
1255,Alice Springs,31/10/2021,2021,10,40693,12
1256,Barkly,31/10/2021,2021,10,6020,38
1257,Bowen Basin - North,31/10/2021,2021,10,36377,2
1258,Cairns_Region,31/10/2021,2021,10,165605,34
1259,Charters Towers - Ayr - Ingham,31/10/2021,2021,10,41888,7
1260,Daly - Tiwi - West Arnhem,31/10/2021,2021,10,18021,1
1261,Darwin_Region,31/10/2021,2021,10,86688,83
1262,East Arnhem,31/10/2021,2021,10,14520,13
1263,East Pilbara,31/10/2021,2021,10,27037,28
1264,Far North,31/10/2021,2021,10,33068,35
1265,Innisfail - Cassowary Coast,31/10/2021,2021,10,35830,8
1266,Katherine,31/10/2021,2021,10,21145,34
1267,Kimberley,31/10/2021,2021,10,38717,78
1268,Litchfield,31/10/2021,2021,10,22599,0
1269,Mackay,31/10/2021,2021,10,123183,15
1270,Outback - North,31/10/2021,2021,10,31144,23
1271,Palmerston,31/10/2021,2021,10,39514,13
1272,Port Douglas - Daintree,31/10/2021,2021,10,12360,5
1273,Tablelands (East) - Kuranda,31/10/2021,2021,10,43354,11
1274,Townsville,31/10/2021,2021,10,195564,38
1275,West Pilbara,31/10/2021,2021,10,31206,11
1276,Whitsunday,31/10/2021,2021,10,23709,0
1277,Alice Springs,30/11/2021,2021,11,40693,16
1278,Barkly,30/11/2021,2021,11,6020,27
1279,Bowen Basin - North,30/11/2021,2021,11,36377,2
1280,Cairns_Region,30/11/2021,2021,11,165605,27
1281,Charters Towers - Ayr - Ingham,30/11/2021,2021,11,41888,4
1282,Daly - Tiwi - West Arnhem,30/11/2021,2021,11,18021,4
1283,Darwin_Region,30/11/2021,2021,11,86688,83
1284,East Arnhem,30/11/2021,2021,11,14520,12
1285,East Pilbara,30/11/2021,2021,11,27037,26
1286,Far North,30/11/2021,2021,11,33068,53
1287,Innisfail - Cassowary Coast,30/11/2021,2021,11,35830,10
1288,Katherine,30/11/2021,2021,11,21145,49
1289,Kimberley,30/11/2021,2021,11,38717,85
1290,Litchfield,30/11/2021,2021,11,22599,1
1291,Mackay,30/11/2021,2021,11,123183,7
1292,Outback - North,30/11/2021,2021,11,31144,25
1293,Palmerston,30/11/2021,2021,11,39514,15
1294,Port Douglas - Daintree,30/11/2021,2021,11,12360,8
1295,Tablelands (East) - Kuranda,30/11/2021,2021,11,43354,11
1296,Townsville,30/11/2021,2021,11,195564,25
1297,West Pilbara,30/11/2021,2021,11,31206,16
1298,Whitsunday,30/11/2021,2021,11,23709,2
1299,Alice Springs,31/12/2021,2021,12,40693,14
1300,Barkly,31/12/2021,2021,12,6020,30
1301,Bowen Basin - North,31/12/2021,2021,12,36377,0
1302,Cairns_Region,31/12/2021,2021,12,165605,31
1303,Charters Towers - Ayr - Ingham,31/12/2021,2021,12,41888,9
1304,Daly - Tiwi - West Arnhem,31/12/2021,2021,12,18021,4
1305,Darwin_Region,31/12/2021,2021,12,86688,74
1306,East Arnhem,31/12/2021,2021,12,14520,7
1307,East Pilbara,31/12/2021,2021,12,27037,19
1308,Far North,31/12/2021,2021,12,33068,33
1309,Innisfail - Cassowary Coast,31/12/2021,2021,12,35830,13
1310,Katherine,31/12/2021,2021,12,21145,38
1311,Kimberley,31/12/2021,2021,12,38717,110
1312,Litchfield,31/12/2021,2021,12,22599,0
1313,Mackay,31/12/2021,2021,12,123183,15
1314,Outback - North,31/12/2021,2021,12,31144,23
1315,Palmerston,31/12/2021,2021,12,39514,25
1316,Port Douglas - Daintree,31/12/2021,2021,12,12360,3
1317,Tablelands (East) - Kuranda,31/12/2021,2021,12,43354,19
1318,Townsville,31/12/2021,2021,12,195564,31
1319,West Pilbara,31/12/2021,2021,12,31206,16
1320,Whitsunday,31/12/2021,2021,12,23709,4
1321,Alice Springs,31/1/2022,2022,1,41043,76
1322,Barkly,31/1/2022,2022,1,6033,27
1323,Bowen Basin - North,31/1/2022,2022,1,37067,0
1324,Cairns_Region,31/1/2022,2022,1,168527,39
1325,Charters Towers - Ayr - Ingham,31/1/2022,2022,1,42136,6
1326,Daly - Tiwi - West Arnhem,31/1/2022,2022,1,18120,3
1327,Darwin_Region,31/1/2022,2022,1,86500,97
1328,East Arnhem,31/1/2022,2022,1,14589,13
1329,East Pilbara,31/1/2022,2022,1,27294,44
1330,Far North,31/1/2022,2022,1,33203,54
1331,Innisfail - Cassowary Coast,31/1/2022,2022,1,36020,4
1332,Katherine,31/1/2022,2022,1,21335,45
1333,Kimberley,31/1/2022,2022,1,38932,156
1334,Litchfield,31/1/2022,2022,1,22758,2
1335,Mackay,31/1/2022,2022,1,125162,16
1336,Outback - North,31/1/2022,2022,1,31172,31
1337,Palmerston,31/1/2022,2022,1,40324,13
1338,Port Douglas - Daintree,31/1/2022,2022,1,12604,4
1339,Tablelands (East) - Kuranda,31/1/2022,2022,1,43928,11
1340,Townsville,31/1/2022,2022,1,198622,45
1341,West Pilbara,31/1/2022,2022,1,31610,21
1342,Whitsunday,31/1/2022,2022,1,24283,0
1343,Alice Springs,28/2/2022,2022,2,41043,64
1344,Barkly,28/2/2022,2022,2,6033,45
1345,Bowen Basin - North,28/2/2022,2022,2,37067,1
1346,Cairns_Region,28/2/2022,2022,2,168527,35
1347,Charters Towers - Ayr - Ingham,28/2/2022,2022,2,42136,7
1348,Daly - Tiwi - West Arnhem,28/2/2022,2022,2,18120,2
1349,Darwin_Region,28/2/2022,2022,2,86500,104
1350,East Arnhem,28/2/2022,2022,2,14589,12
1351,East Pilbara,28/2/2022,2022,2,27294,36
1352,Far North,28/2/2022,2022,2,33203,34
1353,Innisfail - Cassowary Coast,28/2/2022,2022,2,36020,6
1354,Katherine,28/2/2022,2022,2,21335,31
1355,Kimberley,28/2/2022,2022,2,38932,110
1356,Litchfield,28/2/2022,2022,2,22758,0
1357,Mackay,28/2/2022,2022,2,125162,9
1358,Outback - North,28/2/2022,2022,2,31172,32
1359,Palmerston,28/2/2022,2022,2,40324,22
1360,Port Douglas - Daintree,28/2/2022,2022,2,12604,5
1361,Tablelands (East) - Kuranda,28/2/2022,2022,2,43928,10
1362,Townsville,28/2/2022,2022,2,198622,40
1363,West Pilbara,28/2/2022,2022,2,31610,22
1364,Whitsunday,28/2/2022,2022,2,24283,0
1365,Alice Springs,31/3/2022,2022,3,41043,104
1366,Barkly,31/3/2022,2022,3,6033,40
1367,Bowen Basin - North,31/3/2022,2022,3,37067,1
1368,Cairns_Region,31/3/2022,2022,3,168527,35
1369,Charters Towers - Ayr - Ingham,31/3/2022,2022,3,42136,8
1370,Daly - Tiwi - West Arnhem,31/3/2022,2022,3,18120,6
1371,Darwin_Region,31/3/2022,2022,3,86500,92
1372,East Arnhem,31/3/2022,2022,3,14589,23
1373,East Pilbara,31/3/2022,2022,3,27294,21
1374,Far North,31/3/2022,2022,3,33203,48
1375,Innisfail - Cassowary Coast,31/3/2022,2022,3,36020,15
1376,Katherine,31/3/2022,2022,3,21335,38
1377,Kimberley,31/3/2022,2022,3,38932,91
1378,Litchfield,31/3/2022,2022,3,22758,3
1379,Mackay,31/3/2022,2022,3,125162,24
1380,Outback - North,31/3/2022,2022,3,31172,47
1381,Palmerston,31/3/2022,2022,3,40324,19
1382,Port Douglas - Daintree,31/3/2022,2022,3,12604,11
1383,Tablelands (East) - Kuranda,31/3/2022,2022,3,43928,16
1384,Townsville,31/3/2022,2022,3,198622,36
1385,West Pilbara,31/3/2022,2022,3,31610,24
1386,Whitsunday,31/3/2022,2022,3,24283,0
1387,Alice Springs,30/4/2022,2022,4,41043,139
1388,Barkly,30/4/2022,2022,4,6033,31
1389,Bowen Basin - North,30/4/2022,2022,4,37067,1
1390,Cairns_Region,30/4/2022,2022,4,168527,29
1391,Charters Towers - Ayr - Ingham,30/4/2022,2022,4,42136,3
1392,Daly - Tiwi - West Arnhem,30/4/2022,2022,4,18120,2
1393,Darwin_Region,30/4/2022,2022,4,86500,79
1394,East Arnhem,30/4/2022,2022,4,14589,12
1395,East Pilbara,30/4/2022,2022,4,27294,16
1396,Far North,30/4/2022,2022,4,33203,46
1397,Innisfail - Cassowary Coast,30/4/2022,2022,4,36020,6
1398,Katherine,30/4/2022,2022,4,21335,59
1399,Kimberley,30/4/2022,2022,4,38932,71
1400,Litchfield,30/4/2022,2022,4,22758,0
1401,Mackay,30/4/2022,2022,4,125162,10
1402,Outback - North,30/4/2022,2022,4,31172,35
1403,Palmerston,30/4/2022,2022,4,40324,25
1404,Port Douglas - Daintree,30/4/2022,2022,4,12604,1
1405,Tablelands (East) - Kuranda,30/4/2022,2022,4,43928,21
1406,Townsville,30/4/2022,2022,4,198622,21
1407,West Pilbara,30/4/2022,2022,4,31610,15
1408,Whitsunday,30/4/2022,2022,4,24283,5
1409,Alice Springs,31/5/2022,2022,5,41043,141
1410,Barkly,31/5/2022,2022,5,6033,32
1411,Bowen Basin - North,31/5/2022,2022,5,37067,1
1412,Cairns_Region,31/5/2022,2022,5,168527,46
1413,Charters Towers - Ayr - Ingham,31/5/2022,2022,5,42136,5
1414,Daly - Tiwi - West Arnhem,31/5/2022,2022,5,18120,2
1415,Darwin_Region,31/5/2022,2022,5,86500,69
1416,East Arnhem,31/5/2022,2022,5,14589,21
1417,East Pilbara,31/5/2022,2022,5,27294,26
1418,Far North,31/5/2022,2022,5,33203,47
1419,Innisfail - Cassowary Coast,31/5/2022,2022,5,36020,11
1420,Katherine,31/5/2022,2022,5,21335,52
1421,Kimberley,31/5/2022,2022,5,38932,69
1422,Litchfield,31/5/2022,2022,5,22758,0
1423,Mackay,31/5/2022,2022,5,125162,7
1424,Outback - North,31/5/2022,2022,5,31172,46
1425,Palmerston,31/5/2022,2022,5,40324,30
1426,Port Douglas - Daintree,31/5/2022,2022,5,12604,3
1427,Tablelands (East) - Kuranda,31/5/2022,2022,5,43928,13
1428,Townsville,31/5/2022,2022,5,198622,26
1429,West Pilbara,31/5/2022,2022,5,31610,16
1430,Whitsunday,31/5/2022,2022,5,24283,3
1431,Alice Springs,30/6/2022,2022,6,41043,111
1432,Barkly,30/6/2022,2022,6,6033,9
1433,Bowen Basin - North,30/6/2022,2022,6,37067,1
1434,Cairns_Region,30/6/2022,2022,6,168527,38
1435,Charters Towers - Ayr - Ingham,30/6/2022,2022,6,42136,11
1436,Daly - Tiwi - West Arnhem,30/6/2022,2022,6,18120,NA
1437,Darwin_Region,30/6/2022,2022,6,86500,60
1438,East Arnhem,30/6/2022,2022,6,14589,6
1439,East Pilbara,30/6/2022,2022,6,27294,21
1440,Far North,30/6/2022,2022,6,33203,43
1441,Innisfail - Cassowary Coast,30/6/2022,2022,6,36020,3
1442,Katherine,30/6/2022,2022,6,21335,1
1443,Kimberley,30/6/2022,2022,6,38932,46
1444,Litchfield,30/6/2022,2022,6,22758,NA
1445,Mackay,30/6/2022,2022,6,125162,9
1446,Outback - North,30/6/2022,2022,6,31172,29
1447,Palmerston,30/6/2022,2022,6,40324,7
1448,Port Douglas - Daintree,30/6/2022,2022,6,12604,4
1449,Tablelands (East) - Kuranda,30/6/2022,2022,6,43928,10
1450,Townsville,30/6/2022,2022,6,198622,35
1451,West Pilbara,30/6/2022,2022,6,31610,16
1452,Whitsunday,30/6/2022,2022,6,24283,1
1453,Alice Springs,31/7/2022,2022,7,41043,91
1454,Barkly,31/7/2022,2022,7,6033,2
1455,Bowen Basin - North,31/7/2022,2022,7,37067,1
1456,Cairns_Region,31/7/2022,2022,7,168527,30
1457,Charters Towers - Ayr - Ingham,31/7/2022,2022,7,42136,7
1458,Daly - Tiwi - West Arnhem,31/7/2022,2022,7,18120,NA
1459,Darwin_Region,31/7/2022,2022,7,86500,62
1460,East Arnhem,31/7/2022,2022,7,14589,9
1461,East Pilbara,31/7/2022,2022,7,27294,12
1462,Far North,31/7/2022,2022,7,33203,41
1463,Innisfail - Cassowary Coast,31/7/2022,2022,7,36020,9
1464,Katherine,31/7/2022,2022,7,21335,8
1465,Kimberley,31/7/2022,2022,7,38932,37
1466,Litchfield,31/7/2022,2022,7,22758,NA
1467,Mackay,31/7/2022,2022,7,125162,7
1468,Outback - North,31/7/2022,2022,7,31172,25
1469,Palmerston,31/7/2022,2022,7,40324,9
1470,Port Douglas - Daintree,31/7/2022,2022,7,12604,3
1471,Tablelands (East) - Kuranda,31/7/2022,2022,7,43928,8
1472,Townsville,31/7/2022,2022,7,198622,26
1473,West Pilbara,31/7/2022,2022,7,31610,13
1474,Whitsunday,31/7/2022,2022,7,24283,3
1475,Alice Springs,31/8/2022,2022,8,41043,103
1476,Barkly,31/8/2022,2022,8,6033,2
1477,Bowen Basin - North,31/8/2022,2022,8,37067,0
1478,Cairns_Region,31/8/2022,2022,8,168527,37
1479,Charters Towers - Ayr - Ingham,31/8/2022,2022,8,42136,7
1480,Daly - Tiwi - West Arnhem,31/8/2022,2022,8,18120,NA
1481,Darwin_Region,31/8/2022,2022,8,86500,56
1482,East Arnhem,31/8/2022,2022,8,14589,9
1483,East Pilbara,31/8/2022,2022,8,27294,18
1484,Far North,31/8/2022,2022,8,33203,41
1485,Innisfail - Cassowary Coast,31/8/2022,2022,8,36020,8
1486,Katherine,31/8/2022,2022,8,21335,NA
1487,Kimberley,31/8/2022,2022,8,38932,41
1488,Litchfield,31/8/2022,2022,8,22758,NA
1489,Mackay,31/8/2022,2022,8,125162,8
1490,Outback - North,31/8/2022,2022,8,31172,33
1491,Palmerston,31/8/2022,2022,8,40324,6
1492,Port Douglas - Daintree,31/8/2022,2022,8,12604,1
1493,Tablelands (East) - Kuranda,31/8/2022,2022,8,43928,11
1494,Townsville,31/8/2022,2022,8,198622,19
1495,West Pilbara,31/8/2022,2022,8,31610,17
1496,Whitsunday,31/8/2022,2022,8,24283,1
1497,Alice Springs,30/9/2022,2022,9,41043,105
1498,Barkly,30/9/2022,2022,9,6033,1
1499,Bowen Basin - North,30/9/2022,2022,9,37067,0
1500,Cairns_Region,30/9/2022,2022,9,168527,20
1501,Charters Towers - Ayr - Ingham,30/9/2022,2022,9,42136,8
1502,Daly - Tiwi - West Arnhem,30/9/2022,2022,9,18120,NA
1503,Darwin_Region,30/9/2022,2022,9,86500,71
1504,East Arnhem,30/9/2022,2022,9,14589,10
1505,East Pilbara,30/9/2022,2022,9,27294,16
1506,Far North,30/9/2022,2022,9,33203,43
1507,Innisfail - Cassowary Coast,30/9/2022,2022,9,36020,5
1508,Katherine,30/9/2022,2022,9,21335,NA
1509,Kimberley,30/9/2022,2022,9,38932,53
1510,Litchfield,30/9/2022,2022,9,22758,NA
1511,Mackay,30/9/2022,2022,9,125162,6
1512,Outback - North,30/9/2022,2022,9,31172,32
1513,Palmerston,30/9/2022,2022,9,40324,14
1514,Port Douglas - Daintree,30/9/2022,2022,9,12604,2
1515,Tablelands (East) - Kuranda,30/9/2022,2022,9,43928,7
1516,Townsville,30/9/2022,2022,9,198622,35
1517,West Pilbara,30/9/2022,2022,9,31610,3
1518,Whitsunday,30/9/2022,2022,9,24283,3
1519,Alice Springs,31/10/2022,2022,10,41043,115
1520,Barkly,31/10/2022,2022,10,6033,5
1521,Bowen Basin - North,31/10/2022,2022,10,37067,0
1522,Cairns_Region,31/10/2022,2022,10,168527,32
1523,Charters Towers - Ayr - Ingham,31/10/2022,2022,10,42136,4
1524,Daly - Tiwi - West Arnhem,31/10/2022,2022,10,18120,NA
1525,Darwin_Region,31/10/2022,2022,10,86500,76
1526,East Arnhem,31/10/2022,2022,10,14589,7
1527,East Pilbara,31/10/2022,2022,10,27294,17
1528,Far North,31/10/2022,2022,10,33203,44
1529,Innisfail - Cassowary Coast,31/10/2022,2022,10,36020,2
1530,Katherine,31/10/2022,2022,10,21335,4
1531,Kimberley,31/10/2022,2022,10,38932,69
1532,Litchfield,31/10/2022,2022,10,22758,NA
1533,Mackay,31/10/2022,2022,10,125162,7
1534,Outback - North,31/10/2022,2022,10,31172,34
1535,Palmerston,31/10/2022,2022,10,40324,14
1536,Port Douglas - Daintree,31/10/2022,2022,10,12604,5
1537,Tablelands (East) - Kuranda,31/10/2022,2022,10,43928,19
1538,Townsville,31/10/2022,2022,10,198622,29
1539,West Pilbara,31/10/2022,2022,10,31610,18
1540,Whitsunday,31/10/2022,2022,10,24283,2
1541,Alice Springs,30/11/2022,2022,11,41043,157
1542,Barkly,30/11/2022,2022,11,6033,0
1543,Bowen Basin - North,30/11/2022,2022,11,37067,0
1544,Cairns_Region,30/11/2022,2022,11,168527,30
1545,Charters Towers - Ayr - Ingham,30/11/2022,2022,11,42136,12
1546,Daly - Tiwi - West Arnhem,30/11/2022,2022,11,18120,NA
1547,Darwin_Region,30/11/2022,2022,11,86500,63
1548,East Arnhem,30/11/2022,2022,11,14589,6
1549,East Pilbara,30/11/2022,2022,11,27294,23
1550,Far North,30/11/2022,2022,11,33203,39
1551,Innisfail - Cassowary Coast,30/11/2022,2022,11,36020,6
1552,Katherine,30/11/2022,2022,11,21335,NA
1553,Kimberley,30/11/2022,2022,11,38932,81
1554,Litchfield,30/11/2022,2022,11,22758,NA
1555,Mackay,30/11/2022,2022,11,125162,11
1556,Outback - North,30/11/2022,2022,11,31172,34
1557,Palmerston,30/11/2022,2022,11,40324,11
1558,Port Douglas - Daintree,30/11/2022,2022,11,12604,1
1559,Tablelands (East) - Kuranda,30/11/2022,2022,11,43928,14
1560,Townsville,30/11/2022,2022,11,198622,35
1561,West Pilbara,30/11/2022,2022,11,31610,15
1562,Whitsunday,30/11/2022,2022,11,24283,4
1563,Alice Springs,31/12/2022,2022,12,41043,162
1564,Barkly,31/12/2022,2022,12,6033,21
1565,Bowen Basin - North,31/12/2022,2022,12,37067,0
1566,Cairns_Region,31/12/2022,2022,12,168527,36
1567,Charters Towers - Ayr - Ingham,31/12/2022,2022,12,42136,14
1568,Daly - Tiwi - West Arnhem,31/12/2022,2022,12,18120,1
1569,Darwin_Region,31/12/2022,2022,12,86500,98
1570,East Arnhem,31/12/2022,2022,12,14589,21
1571,East Pilbara,31/12/2022,2022,12,27294,19
1572,Far North,31/12/2022,2022,12,33203,34
1573,Innisfail - Cassowary Coast,31/12/2022,2022,12,36020,6
1574,Katherine,31/12/2022,2022,12,21335,58
1575,Kimberley,31/12/2022,2022,12,38932,60
1576,Litchfield,31/12/2022,2022,12,22758,0
1577,Mackay,31/12/2022,2022,12,125162,8
1578,Outback - North,31/12/2022,2022,12,31172,41
1579,Palmerston,31/12/2022,2022,12,40324,21
1580,Port Douglas - Daintree,31/12/2022,2022,12,12604,2
1581,Tablelands (East) - Kuranda,31/12/2022,2022,12,43928,10
1582,Townsville,31/12/2022,2022,12,198622,38
1583,West Pilbara,31/12/2022,2022,12,31610,17
1584,Whitsunday,31/12/2022,2022,12,24283,5
1585,Alice Springs,31/1/2023,2023,1,41043,NA
1586,Barkly,31/1/2023,2023,1,6033,NA
1587,Bowen Basin - North,31/1/2023,2023,1,37067,NA
1588,Cairns_Region,31/1/2023,2023,1,168527,NA
1589,Charters Towers - Ayr - Ingham,31/1/2023,2023,1,42136,NA
1590,Daly - Tiwi - West Arnhem,31/1/2023,2023,1,18120,NA
1591,Darwin_Region,31/1/2023,2023,1,86500,NA
1592,East Arnhem,31/1/2023,2023,1,14589,NA
1593,East Pilbara,31/1/2023,2023,1,27294,NA
1594,Far North,31/1/2023,2023,1,33203,NA
1595,Innisfail - Cassowary Coast,31/1/2023,2023,1,36020,NA
1596,Katherine,31/1/2023,2023,1,21335,NA
1597,Kimberley,31/1/2023,2023,1,38932,NA
1598,Litchfield,31/1/2023,2023,1,22758,NA
1599,Mackay,31/1/2023,2023,1,125162,NA
1600,Outback - North,31/1/2023,2023,1,31172,NA
1601,Palmerston,31/1/2023,2023,1,40324,NA
1602,Port Douglas - Daintree,31/1/2023,2023,1,12604,NA
1603,Tablelands (East) - Kuranda,31/1/2023,2023,1,43928,NA
1604,Townsville,31/1/2023,2023,1,198622,NA
1605,West Pilbara,31/1/2023,2023,1,31610,NA
1606,Whitsunday,31/1/2023,2023,1,24283,NA
1607,Alice Springs,28/2/2023,2023,2,41043,NA
1608,Barkly,28/2/2023,2023,2,6033,NA
1609,Bowen Basin - North,28/2/2023,2023,2,37067,NA
1610,Cairns_Region,28/2/2023,2023,2,168527,NA
1611,Charters Towers - Ayr - Ingham,28/2/2023,2023,2,42136,NA
1612,Daly - Tiwi - West Arnhem,28/2/2023,2023,2,18120,NA
1613,Darwin_Region,28/2/2023,2023,2,86500,NA
1614,East Arnhem,28/2/2023,2023,2,14589,NA
1615,East Pilbara,28/2/2023,2023,2,27294,NA
1616,Far North,28/2/2023,2023,2,33203,NA
1617,Innisfail - Cassowary Coast,28/2/2023,2023,2,36020,NA
1618,Katherine,28/2/2023,2023,2,21335,NA
1619,Kimberley,28/2/2023,2023,2,38932,NA
1620,Litchfield,28/2/2023,2023,2,22758,NA
1621,Mackay,28/2/2023,2023,2,125162,NA
1622,Outback - North,28/2/2023,2023,2,31172,NA
1623,Palmerston,28/2/2023,2023,2,40324,NA
1624,Port Douglas - Daintree,28/2/2023,2023,2,12604,NA
1625,Tablelands (East) - Kuranda,28/2/2023,2023,2,43928,NA
1626,Townsville,28/2/2023,2023,2,198622,NA
1627,West Pilbara,28/2/2023,2023,2,31610,NA
1628,Whitsunday,28/2/2023,2023,2,24283,NA
1629,Alice Springs,31/3/2023,2023,3,41043,NA
1630,Barkly,31/3/2023,2023,3,6033,NA
1631,Bowen Basin - North,31/3/2023,2023,3,37067,NA
1632,Cairns_Region,31/3/2023,2023,3,168527,NA
1633,Charters Towers - Ayr - Ingham,31/3/2023,2023,3,42136,NA
1634,Daly - Tiwi - West Arnhem,31/3/2023,2023,3,18120,NA
1635,Darwin_Region,31/3/2023,2023,3,86500,NA
1636,East Arnhem,31/3/2023,2023,3,14589,NA
1637,East Pilbara,31/3/2023,2023,3,27294,NA
1638,Far North,31/3/2023,2023,3,33203,NA
1639,Innisfail - Cassowary Coast,31/3/2023,2023,3,36020,NA
1640,Katherine,31/3/2023,2023,3,21335,NA
1641,Kimberley,31/3/2023,2023,3,38932,NA
1642,Litchfield,31/3/2023,2023,3,22758,NA
1643,Mackay,31/3/2023,2023,3,125162,NA
1644,Outback - North,31/3/2023,2023,3,31172,NA
1645,Palmerston,31/3/2023,2023,3,40324,NA
1646,Port Douglas - Daintree,31/3/2023,2023,3,12604,NA
1647,Tablelands (East) - Kuranda,31/3/2023,2023,3,43928,NA
1648,Townsville,31/3/2023,2023,3,198622,NA
1649,West Pilbara,31/3/2023,2023,3,31610,NA
1650,Whitsunday,31/3/2023,2023,3,24283,NA
1651,Alice Springs,30/4/2023,2023,4,41043,NA
1652,Barkly,30/4/2023,2023,4,6033,NA
1653,Bowen Basin - North,30/4/2023,2023,4,37067,NA
1654,Cairns_Region,30/4/2023,2023,4,168527,NA
1655,Charters Towers - Ayr - Ingham,30/4/2023,2023,4,42136,NA
1656,Daly - Tiwi - West Arnhem,30/4/2023,2023,4,18120,NA
1657,Darwin_Region,30/4/2023,2023,4,86500,NA
1658,East Arnhem,30/4/2023,2023,4,14589,NA
1659,East Pilbara,30/4/2023,2023,4,27294,NA
1660,Far North,30/4/2023,2023,4,33203,NA
1661,Innisfail - Cassowary Coast,30/4/2023,2023,4,36020,NA
1662,Katherine,30/4/2023,2023,4,21335,NA
1663,Kimberley,30/4/2023,2023,4,38932,NA
1664,Litchfield,30/4/2023,2023,4,22758,NA
1665,Mackay,30/4/2023,2023,4,125162,NA
1666,Outback - North,30/4/2023,2023,4,31172,NA
1667,Palmerston,30/4/2023,2023,4,40324,NA
1668,Port Douglas - Daintree,30/4/2023,2023,4,12604,NA
1669,Tablelands (East) - Kuranda,30/4/2023,2023,4,43928,NA
1670,Townsville,30/4/2023,2023,4,198622,NA
1671,West Pilbara,30/4/2023,2023,4,31610,NA
1672,Whitsunday,30/4/2023,2023,4,24283,NA
1673,Alice Springs,31/5/2023,2023,5,41043,NA
1674,Barkly,31/5/2023,2023,5,6033,NA
1675,Bowen Basin - North,31/5/2023,2023,5,37067,NA
1676,Cairns_Region,31/5/2023,2023,5,168527,NA
1677,Charters Towers - Ayr - Ingham,31/5/2023,2023,5,42136,NA
1678,Daly - Tiwi - West Arnhem,31/5/2023,2023,5,18120,NA
1679,Darwin_Region,31/5/2023,2023,5,86500,NA
1680,East Arnhem,31/5/2023,2023,5,14589,NA
1681,East Pilbara,31/5/2023,2023,5,27294,NA
1682,Far North,31/5/2023,2023,5,33203,NA
1683,Innisfail - Cassowary Coast,31/5/2023,2023,5,36020,NA
1684,Katherine,31/5/2023,2023,5,21335,NA
1685,Kimberley,31/5/2023,2023,5,38932,NA
1686,Litchfield,31/5/2023,2023,5,22758,NA
1687,Mackay,31/5/2023,2023,5,125162,NA
1688,Outback - North,31/5/2023,2023,5,31172,NA
1689,Palmerston,31/5/2023,2023,5,40324,NA
1690,Port Douglas - Daintree,31/5/2023,2023,5,12604,NA
1691,Tablelands (East) - Kuranda,31/5/2023,2023,5,43928,NA
1692,Townsville,31/5/2023,2023,5,198622,NA
1693,West Pilbara,31/5/2023,2023,5,31610,NA
1694,Whitsunday,31/5/2023,2023,5,24283,NA
1695,Alice Springs,30/6/2023,2023,6,41043,NA
1696,Barkly,30/6/2023,2023,6,6033,NA
1697,Bowen Basin - North,30/6/2023,2023,6,37067,NA
1698,Cairns_Region,30/6/2023,2023,6,168527,NA
1699,Charters Towers - Ayr - Ingham,30/6/2023,2023,6,42136,NA
1700,Daly - Tiwi - West Arnhem,30/6/2023,2023,6,18120,NA
1701,Darwin_Region,30/6/2023,2023,6,86500,NA
1702,East Arnhem,30/6/2023,2023,6,14589,NA
1703,East Pilbara,30/6/2023,2023,6,27294,NA
1704,Far North,30/6/2023,2023,6,33203,NA
1705,Innisfail - Cassowary Coast,30/6/2023,2023,6,36020,NA
1706,Katherine,30/6/2023,2023,6,21335,NA
1707,Kimberley,30/6/2023,2023,6,38932,NA
1708,Litchfield,30/6/2023,2023,6,22758,NA
1709,Mackay,30/6/2023,2023,6,125162,NA
1710,Outback - North,30/6/2023,2023,6,31172,NA
1711,Palmerston,30/6/2023,2023,6,40324,NA
1712,Port Douglas - Daintree,30/6/2023,2023,6,12604,NA
1713,Tablelands (East) - Kuranda,30/6/2023,2023,6,43928,NA
1714,Townsville,30/6/2023,2023,6,198622,NA
1715,West Pilbara,30/6/2023,2023,6,31610,NA
1716,Whitsunday,30/6/2023,2023,6,24283,NA